mun_code,nom_prov_clean,nom_mun_clean,variable,observaciones,observaciones_missing,proporcion_missing,variable_label,porcentaje_missing
14005,CORDOBA,PUNILLA,edad,90,3,0.03333333333333333,Age,3.3333333333333335
6086,BUENOS AIRES,JOSE C. PAZ,edad,90,2,0.022222222222222223,Age,2.2222222222222223
90002,TUCUMAN,CRUZ ALTA,edad,91,2,0.02197802197802198,Age,2.197802197802198
22002,CHACO,COMANDANTE FERNANDEZ,edad,108,2,0.018518518518518517,Age,1.8518518518518516
14001,CORDOBA,CAPITAL,edad,273,5,0.018315018315018316,Age,1.8315018315018317
22004,CHACO,GENERAL GUEMES,edad,73,1,0.0136986301369863,Age,1.36986301369863
6088,BUENOS AIRES,MORON,edad,90,1,0.011111111111111112,Age,1.1111111111111112
18001,CORRIENTES,CAPITAL,edad,90,1,0.011111111111111112,Age,1.1111111111111112
82003,SANTA FE,GENERAL LOPEZ,edad,90,1,0.011111111111111112,Age,1.1111111111111112
6001,BUENOS AIRES,LA PLATA,edad,91,1,0.01098901098901099,Age,1.098901098901099
6029,BUENOS AIRES,ENSENADA,edad,91,1,0.01098901098901099,Age,1.098901098901099
22001,CHACO,SAN FERNANDO,edad,184,2,0.010869565217391304,Age,1.0869565217391304
82001,SANTA FE,ROSARIO,edad,364,3,0.008241758241758242,Age,0.8241758241758242
6083,BUENOS AIRES,TIGRE,edad,252,2,0.007936507936507936,Age,0.7936507936507936
2001,CIUDAD AUTONOMA DE BUENOS AIRES,CITY OF BUENOS AIRES,edad,631,3,0.004754358161648178,Age,0.4754358161648178
6074,BUENOS AIRES,LA MATANZA,edad,453,2,0.004415011037527594,Age,0.44150110375275936
62001,RIO NEGRO,GENERAL ROCA,edad,273,0,0,Age,0
6084,BUENOS AIRES,AVELLANEDA,edad,185,0,0,Age,0
6002,BUENOS AIRES,GENERAL PUEYRREDON,edad,183,0,0,Age,0
50015,MENDOZA,TUPUNGATO,edad,182,0,0,Age,0
82004,SANTA FE,CASTELLANOS,edad,181,0,0,Age,0
90001,TUCUMAN,TAFI VIAJO,edad,181,0,0,Age,0
6011,BUENOS AIRES,LUJAN,edad,180,0,0,Age,0
86007,SANTIAGO DEL ESTERO,GENERAL TABOADA,edad,180,0,0,Age,0
90001,TUCUMAN,YERBA BUENA,edad,94,0,0,Age,0
6079,BUENOS AIRES,LANUS,edad,92,0,0,Age,0
6086,BUENOS AIRES,SAN MIGUEL,edad,92,0,0,Age,0
50001,MENDOZA,GUAYMALLEN,edad,92,0,0,Age,0
66005,SALTA,LA CALDERA,edad,92,0,0,Age,0
70004,SAN JUAN,RIVADAVIA,edad,92,0,0,Age,0
90001,TUCUMAN,CAPITAL,edad,92,0,0,Age,0
6017,BUENOS AIRES,SAN VICENTE,edad,91,0,0,Age,0
6051,BUENOS AIRES,BARADERO,edad,91,0,0,Age,0
6075,BUENOS AIRES,LOMAS DE ZAMORA,edad,91,0,0,Age,0
6080,BUENOS AIRES,MORENO,edad,91,0,0,Age,0
22003,CHACO,LIBERTADOR GENERAL SAN MARTIN,edad,91,0,0,Age,0
58001,NEUQUEN,CONFLUENCIA,edad,91,0,0,Age,0
66008,SALTA,ROSARIO DE LA FRONTERA,edad,91,0,0,Age,0
6004,BUENOS AIRES,BAHIA BLANCA,edad,90,0,0,Age,0
6010,BUENOS AIRES,PERGAMINO,edad,90,0,0,Age,0
6015,BUENOS AIRES,BERISSO,edad,90,0,0,Age,0
6025,BUENOS AIRES,MAGDALENA,edad,90,0,0,Age,0
6031,BUENOS AIRES,CANUELAS,edad,90,0,0,Age,0
6069,BUENOS AIRES,MAR CHIQUITA,edad,90,0,0,Age,0
6078,BUENOS AIRES,MERLO,edad,90,0,0,Age,0
6091,BUENOS AIRES,VICENTE LOPEZ,edad,90,0,0,Age,0
14004,CORDOBA,SAN JUSTO,edad,90,0,0,Age,0
22008,CHACO,LIBERTAD,edad,90,0,0,Age,0
22013,CHACO,CHACABUCO,edad,90,0,0,Age,0
30001,ENTRE RIOS,PARANA,edad,90,0,0,Age,0
42001,LA PAMPA,CAPITAL,edad,90,0,0,Age,0
42003,LA PAMPA,TOAY,edad,90,0,0,Age,0
42007,LA PAMPA,UTRACAN,edad,90,0,0,Age,0
50003,MENDOZA,GODOY CRUZ,edad,90,0,0,Age,0
50008,MENDOZA,CAPITAL,edad,90,0,0,Age,0
66001,SALTA,CAPITAL,edad,90,0,0,Age,0
86005,SANTIAGO DEL ESTERO,ROBLES,edad,75,0,0,Age,0
6076,BUENOS AIRES,QUILMES,edad,18,0,0,Age,0
86002,SANTIAGO DEL ESTERO,BANDA,edad,18,0,0,Age,0
14005,CORDOBA,PUNILLA,voto_blanco_nulo,90,32,0.35555555555555557,Blank/null vote,35.55555555555556
22013,CHACO,CHACABUCO,voto_blanco_nulo,90,32,0.35555555555555557,Blank/null vote,35.55555555555556
14004,CORDOBA,SAN JUSTO,voto_blanco_nulo,90,28,0.3111111111111111,Blank/null vote,31.11111111111111
14001,CORDOBA,CAPITAL,voto_blanco_nulo,273,82,0.30036630036630035,Blank/null vote,30.036630036630036
6076,BUENOS AIRES,QUILMES,voto_blanco_nulo,18,5,0.2777777777777778,Blank/null vote,27.77777777777778
6080,BUENOS AIRES,MORENO,voto_blanco_nulo,91,25,0.27472527472527475,Blank/null vote,27.472527472527474
82004,SANTA FE,CASTELLANOS,voto_blanco_nulo,181,49,0.27071823204419887,Blank/null vote,27.071823204419886
82003,SANTA FE,GENERAL LOPEZ,voto_blanco_nulo,90,24,0.26666666666666666,Blank/null vote,26.666666666666668
86005,SANTIAGO DEL ESTERO,ROBLES,voto_blanco_nulo,75,20,0.26666666666666666,Blank/null vote,26.666666666666668
6075,BUENOS AIRES,LOMAS DE ZAMORA,voto_blanco_nulo,91,24,0.26373626373626374,Blank/null vote,26.373626373626376
22004,CHACO,GENERAL GUEMES,voto_blanco_nulo,73,19,0.2602739726027397,Blank/null vote,26.027397260273972
6074,BUENOS AIRES,LA MATANZA,voto_blanco_nulo,453,117,0.2582781456953642,Blank/null vote,25.82781456953642
6011,BUENOS AIRES,LUJAN,voto_blanco_nulo,180,46,0.25555555555555554,Blank/null vote,25.555555555555554
86007,SANTIAGO DEL ESTERO,GENERAL TABOADA,voto_blanco_nulo,180,46,0.25555555555555554,Blank/null vote,25.555555555555554
6025,BUENOS AIRES,MAGDALENA,voto_blanco_nulo,90,22,0.24444444444444444,Blank/null vote,24.444444444444443
6031,BUENOS AIRES,CANUELAS,voto_blanco_nulo,90,22,0.24444444444444444,Blank/null vote,24.444444444444443
6088,BUENOS AIRES,MORON,voto_blanco_nulo,90,22,0.24444444444444444,Blank/null vote,24.444444444444443
66001,SALTA,CAPITAL,voto_blanco_nulo,90,22,0.24444444444444444,Blank/null vote,24.444444444444443
2001,CIUDAD AUTONOMA DE BUENOS AIRES,CITY OF BUENOS AIRES,voto_blanco_nulo,631,154,0.24405705229793978,Blank/null vote,24.405705229793977
90001,TUCUMAN,CAPITAL,voto_blanco_nulo,92,22,0.2391304347826087,Blank/null vote,23.91304347826087
62001,RIO NEGRO,GENERAL ROCA,voto_blanco_nulo,273,65,0.23809523809523808,Blank/null vote,23.809523809523807
82001,SANTA FE,ROSARIO,voto_blanco_nulo,364,86,0.23626373626373626,Blank/null vote,23.626373626373624
22008,CHACO,LIBERTAD,voto_blanco_nulo,90,21,0.23333333333333334,Blank/null vote,23.333333333333332
42003,LA PAMPA,TOAY,voto_blanco_nulo,90,21,0.23333333333333334,Blank/null vote,23.333333333333332
50008,MENDOZA,CAPITAL,voto_blanco_nulo,90,21,0.23333333333333334,Blank/null vote,23.333333333333332
22002,CHACO,COMANDANTE FERNANDEZ,voto_blanco_nulo,108,25,0.23148148148148148,Blank/null vote,23.14814814814815
58001,NEUQUEN,CONFLUENCIA,voto_blanco_nulo,91,21,0.23076923076923078,Blank/null vote,23.076923076923077
50015,MENDOZA,TUPUNGATO,voto_blanco_nulo,182,40,0.21978021978021978,Blank/null vote,21.978021978021978
22003,CHACO,LIBERTADOR GENERAL SAN MARTIN,voto_blanco_nulo,91,20,0.21978021978021978,Blank/null vote,21.978021978021978
6079,BUENOS AIRES,LANUS,voto_blanco_nulo,92,20,0.21739130434782608,Blank/null vote,21.73913043478261
6010,BUENOS AIRES,PERGAMINO,voto_blanco_nulo,90,19,0.2111111111111111,Blank/null vote,21.11111111111111
6086,BUENOS AIRES,JOSE C. PAZ,voto_blanco_nulo,90,19,0.2111111111111111,Blank/null vote,21.11111111111111
6091,BUENOS AIRES,VICENTE LOPEZ,voto_blanco_nulo,90,19,0.2111111111111111,Blank/null vote,21.11111111111111
6086,BUENOS AIRES,SAN MIGUEL,voto_blanco_nulo,92,19,0.20652173913043478,Blank/null vote,20.652173913043477
6084,BUENOS AIRES,AVELLANEDA,voto_blanco_nulo,185,38,0.20540540540540542,Blank/null vote,20.54054054054054
22001,CHACO,SAN FERNANDO,voto_blanco_nulo,184,37,0.20108695652173914,Blank/null vote,20.108695652173914
6004,BUENOS AIRES,BAHIA BLANCA,voto_blanco_nulo,90,18,0.2,Blank/null vote,20
6078,BUENOS AIRES,MERLO,voto_blanco_nulo,90,18,0.2,Blank/null vote,20
6083,BUENOS AIRES,TIGRE,voto_blanco_nulo,252,50,0.1984126984126984,Blank/null vote,19.841269841269842
50001,MENDOZA,GUAYMALLEN,voto_blanco_nulo,92,18,0.1956521739130435,Blank/null vote,19.565217391304348
18001,CORRIENTES,CAPITAL,voto_blanco_nulo,90,17,0.18888888888888888,Blank/null vote,18.88888888888889
42007,LA PAMPA,UTRACAN,voto_blanco_nulo,90,17,0.18888888888888888,Blank/null vote,18.88888888888889
6017,BUENOS AIRES,SAN VICENTE,voto_blanco_nulo,91,17,0.18681318681318682,Blank/null vote,18.681318681318682
66008,SALTA,ROSARIO DE LA FRONTERA,voto_blanco_nulo,91,17,0.18681318681318682,Blank/null vote,18.681318681318682
6051,BUENOS AIRES,BARADERO,voto_blanco_nulo,91,16,0.17582417582417584,Blank/null vote,17.582417582417584
6002,BUENOS AIRES,GENERAL PUEYRREDON,voto_blanco_nulo,183,31,0.16939890710382513,Blank/null vote,16.939890710382514
66005,SALTA,LA CALDERA,voto_blanco_nulo,92,15,0.16304347826086957,Blank/null vote,16.304347826086957
70004,SAN JUAN,RIVADAVIA,voto_blanco_nulo,92,15,0.16304347826086957,Blank/null vote,16.304347826086957
6015,BUENOS AIRES,BERISSO,voto_blanco_nulo,90,14,0.15555555555555556,Blank/null vote,15.555555555555555
42001,LA PAMPA,CAPITAL,voto_blanco_nulo,90,14,0.15555555555555556,Blank/null vote,15.555555555555555
90001,TUCUMAN,TAFI VIAJO,voto_blanco_nulo,181,28,0.15469613259668508,Blank/null vote,15.469613259668508
6069,BUENOS AIRES,MAR CHIQUITA,voto_blanco_nulo,90,13,0.14444444444444443,Blank/null vote,14.444444444444443
30001,ENTRE RIOS,PARANA,voto_blanco_nulo,90,13,0.14444444444444443,Blank/null vote,14.444444444444443
6029,BUENOS AIRES,ENSENADA,voto_blanco_nulo,91,13,0.14285714285714285,Blank/null vote,14.285714285714285
6001,BUENOS AIRES,LA PLATA,voto_blanco_nulo,91,12,0.13186813186813187,Blank/null vote,13.186813186813188
90002,TUCUMAN,CRUZ ALTA,voto_blanco_nulo,91,12,0.13186813186813187,Blank/null vote,13.186813186813188
50003,MENDOZA,GODOY CRUZ,voto_blanco_nulo,90,11,0.12222222222222222,Blank/null vote,12.222222222222221
86002,SANTIAGO DEL ESTERO,BANDA,voto_blanco_nulo,18,2,0.1111111111111111,Blank/null vote,11.11111111111111
90001,TUCUMAN,YERBA BUENA,voto_blanco_nulo,94,9,0.09574468085106383,Blank/null vote,9.574468085106384
6001,BUENOS AIRES,LA PLATA,secundaria_completa_o_mas,91,8,0.08791208791208792,High school or more,8.791208791208792
2001,CIUDAD AUTONOMA DE BUENOS AIRES,CITY OF BUENOS AIRES,secundaria_completa_o_mas,631,48,0.07606973058637084,High school or more,7.6069730586370845
6075,BUENOS AIRES,LOMAS DE ZAMORA,secundaria_completa_o_mas,91,6,0.06593406593406594,High school or more,6.593406593406594
6088,BUENOS AIRES,MORON,secundaria_completa_o_mas,90,5,0.05555555555555555,High school or more,5.555555555555555
14005,CORDOBA,PUNILLA,secundaria_completa_o_mas,90,5,0.05555555555555555,High school or more,5.555555555555555
6084,BUENOS AIRES,AVELLANEDA,secundaria_completa_o_mas,185,9,0.04864864864864865,High school or more,4.864864864864865
6078,BUENOS AIRES,MERLO,secundaria_completa_o_mas,90,4,0.044444444444444446,High school or more,4.444444444444445
18001,CORRIENTES,CAPITAL,secundaria_completa_o_mas,90,4,0.044444444444444446,High school or more,4.444444444444445
50008,MENDOZA,CAPITAL,secundaria_completa_o_mas,90,4,0.044444444444444446,High school or more,4.444444444444445
90001,TUCUMAN,CAPITAL,secundaria_completa_o_mas,92,4,0.043478260869565216,High school or more,4.3478260869565215
6083,BUENOS AIRES,TIGRE,secundaria_completa_o_mas,252,10,0.03968253968253968,High school or more,3.968253968253968
6025,BUENOS AIRES,MAGDALENA,secundaria_completa_o_mas,90,3,0.03333333333333333,High school or more,3.3333333333333335
6091,BUENOS AIRES,VICENTE LOPEZ,secundaria_completa_o_mas,90,3,0.03333333333333333,High school or more,3.3333333333333335
14004,CORDOBA,SAN JUSTO,secundaria_completa_o_mas,90,3,0.03333333333333333,High school or more,3.3333333333333335
22013,CHACO,CHACABUCO,secundaria_completa_o_mas,90,3,0.03333333333333333,High school or more,3.3333333333333335
66001,SALTA,CAPITAL,secundaria_completa_o_mas,90,3,0.03333333333333333,High school or more,3.3333333333333335
6029,BUENOS AIRES,ENSENADA,secundaria_completa_o_mas,91,3,0.03296703296703297,High school or more,3.296703296703297
90002,TUCUMAN,CRUZ ALTA,secundaria_completa_o_mas,91,3,0.03296703296703297,High school or more,3.296703296703297
6002,BUENOS AIRES,GENERAL PUEYRREDON,secundaria_completa_o_mas,183,6,0.03278688524590164,High school or more,3.278688524590164
6079,BUENOS AIRES,LANUS,secundaria_completa_o_mas,92,3,0.03260869565217391,High school or more,3.260869565217391
50001,MENDOZA,GUAYMALLEN,secundaria_completa_o_mas,92,3,0.03260869565217391,High school or more,3.260869565217391
14001,CORDOBA,CAPITAL,secundaria_completa_o_mas,273,7,0.02564102564102564,High school or more,2.564102564102564
6004,BUENOS AIRES,BAHIA BLANCA,secundaria_completa_o_mas,90,2,0.022222222222222223,High school or more,2.2222222222222223
6031,BUENOS AIRES,CANUELAS,secundaria_completa_o_mas,90,2,0.022222222222222223,High school or more,2.2222222222222223
50003,MENDOZA,GODOY CRUZ,secundaria_completa_o_mas,90,2,0.022222222222222223,High school or more,2.2222222222222223
90001,TUCUMAN,TAFI VIAJO,secundaria_completa_o_mas,181,4,0.022099447513812154,High school or more,2.209944751381215
62001,RIO NEGRO,GENERAL ROCA,secundaria_completa_o_mas,273,6,0.02197802197802198,High school or more,2.197802197802198
6080,BUENOS AIRES,MORENO,secundaria_completa_o_mas,91,2,0.02197802197802198,High school or more,2.197802197802198
66008,SALTA,ROSARIO DE LA FRONTERA,secundaria_completa_o_mas,91,2,0.02197802197802198,High school or more,2.197802197802198
6086,BUENOS AIRES,SAN MIGUEL,secundaria_completa_o_mas,92,2,0.021739130434782608,High school or more,2.1739130434782608
82001,SANTA FE,ROSARIO,secundaria_completa_o_mas,364,5,0.013736263736263736,High school or more,1.3736263736263736
6010,BUENOS AIRES,PERGAMINO,secundaria_completa_o_mas,90,1,0.011111111111111112,High school or more,1.1111111111111112
6015,BUENOS AIRES,BERISSO,secundaria_completa_o_mas,90,1,0.011111111111111112,High school or more,1.1111111111111112
6069,BUENOS AIRES,MAR CHIQUITA,secundaria_completa_o_mas,90,1,0.011111111111111112,High school or more,1.1111111111111112
30001,ENTRE RIOS,PARANA,secundaria_completa_o_mas,90,1,0.011111111111111112,High school or more,1.1111111111111112
42001,LA PAMPA,CAPITAL,secundaria_completa_o_mas,90,1,0.011111111111111112,High school or more,1.1111111111111112
6074,BUENOS AIRES,LA MATANZA,secundaria_completa_o_mas,453,5,0.011037527593818985,High school or more,1.1037527593818985
58001,NEUQUEN,CONFLUENCIA,secundaria_completa_o_mas,91,1,0.01098901098901099,High school or more,1.098901098901099
22001,CHACO,SAN FERNANDO,secundaria_completa_o_mas,184,2,0.010869565217391304,High school or more,1.0869565217391304
90001,TUCUMAN,YERBA BUENA,secundaria_completa_o_mas,94,1,0.010638297872340425,High school or more,1.0638297872340425
6011,BUENOS AIRES,LUJAN,secundaria_completa_o_mas,180,1,0.005555555555555556,High school or more,0.5555555555555556
50015,MENDOZA,TUPUNGATO,secundaria_completa_o_mas,182,0,0,High school or more,0
82004,SANTA FE,CASTELLANOS,secundaria_completa_o_mas,181,0,0,High school or more,0
86007,SANTIAGO DEL ESTERO,GENERAL TABOADA,secundaria_completa_o_mas,180,0,0,High school or more,0
22002,CHACO,COMANDANTE FERNANDEZ,secundaria_completa_o_mas,108,0,0,High school or more,0
66005,SALTA,LA CALDERA,secundaria_completa_o_mas,92,0,0,High school or more,0
70004,SAN JUAN,RIVADAVIA,secundaria_completa_o_mas,92,0,0,High school or more,0
6017,BUENOS AIRES,SAN VICENTE,secundaria_completa_o_mas,91,0,0,High school or more,0
6051,BUENOS AIRES,BARADERO,secundaria_completa_o_mas,91,0,0,High school or more,0
22003,CHACO,LIBERTADOR GENERAL SAN MARTIN,secundaria_completa_o_mas,91,0,0,High school or more,0
6086,BUENOS AIRES,JOSE C. PAZ,secundaria_completa_o_mas,90,0,0,High school or more,0
22008,CHACO,LIBERTAD,secundaria_completa_o_mas,90,0,0,High school or more,0
42003,LA PAMPA,TOAY,secundaria_completa_o_mas,90,0,0,High school or more,0
42007,LA PAMPA,UTRACAN,secundaria_completa_o_mas,90,0,0,High school or more,0
82003,SANTA FE,GENERAL LOPEZ,secundaria_completa_o_mas,90,0,0,High school or more,0
86005,SANTIAGO DEL ESTERO,ROBLES,secundaria_completa_o_mas,75,0,0,High school or more,0
22004,CHACO,GENERAL GUEMES,secundaria_completa_o_mas,73,0,0,High school or more,0
6076,BUENOS AIRES,QUILMES,secundaria_completa_o_mas,18,0,0,High school or more,0
86002,SANTIAGO DEL ESTERO,BANDA,secundaria_completa_o_mas,18,0,0,High school or more,0
22013,CHACO,CHACABUCO,izq_der,90,28,0.3111111111111111,Left-right ideology,31.11111111111111
6025,BUENOS AIRES,MAGDALENA,izq_der,90,25,0.2777777777777778,Left-right ideology,27.77777777777778
42007,LA PAMPA,UTRACAN,izq_der,90,24,0.26666666666666666,Left-right ideology,26.666666666666668
14004,CORDOBA,SAN JUSTO,izq_der,90,22,0.24444444444444444,Left-right ideology,24.444444444444443
22002,CHACO,COMANDANTE FERNANDEZ,izq_der,108,25,0.23148148148148148,Left-right ideology,23.14814814814815
6051,BUENOS AIRES,BARADERO,izq_der,91,21,0.23076923076923078,Left-right ideology,23.076923076923077
22003,CHACO,LIBERTADOR GENERAL SAN MARTIN,izq_der,91,21,0.23076923076923078,Left-right ideology,23.076923076923077
6011,BUENOS AIRES,LUJAN,izq_der,180,41,0.22777777777777777,Left-right ideology,22.77777777777778
6031,BUENOS AIRES,CANUELAS,izq_der,90,20,0.2222222222222222,Left-right ideology,22.22222222222222
22004,CHACO,GENERAL GUEMES,izq_der,73,16,0.2191780821917808,Left-right ideology,21.91780821917808
90001,TUCUMAN,CAPITAL,izq_der,92,19,0.20652173913043478,Left-right ideology,20.652173913043477
6091,BUENOS AIRES,VICENTE LOPEZ,izq_der,90,18,0.2,Left-right ideology,20
30001,ENTRE RIOS,PARANA,izq_der,90,18,0.2,Left-right ideology,20
14001,CORDOBA,CAPITAL,izq_der,273,53,0.19413919413919414,Left-right ideology,19.413919413919416
82004,SANTA FE,CASTELLANOS,izq_der,181,35,0.19337016574585636,Left-right ideology,19.337016574585636
6069,BUENOS AIRES,MAR CHIQUITA,izq_der,90,17,0.18888888888888888,Left-right ideology,18.88888888888889
14005,CORDOBA,PUNILLA,izq_der,90,17,0.18888888888888888,Left-right ideology,18.88888888888889
18001,CORRIENTES,CAPITAL,izq_der,90,17,0.18888888888888888,Left-right ideology,18.88888888888889
90001,TUCUMAN,TAFI VIAJO,izq_der,181,33,0.18232044198895028,Left-right ideology,18.23204419889503
6010,BUENOS AIRES,PERGAMINO,izq_der,90,16,0.17777777777777778,Left-right ideology,17.77777777777778
42003,LA PAMPA,TOAY,izq_der,90,16,0.17777777777777778,Left-right ideology,17.77777777777778
62001,RIO NEGRO,GENERAL ROCA,izq_der,273,48,0.17582417582417584,Left-right ideology,17.582417582417584
6001,BUENOS AIRES,LA PLATA,izq_der,91,16,0.17582417582417584,Left-right ideology,17.582417582417584
6075,BUENOS AIRES,LOMAS DE ZAMORA,izq_der,91,16,0.17582417582417584,Left-right ideology,17.582417582417584
50015,MENDOZA,TUPUNGATO,izq_der,182,31,0.17032967032967034,Left-right ideology,17.032967032967033
6074,BUENOS AIRES,LA MATANZA,izq_der,453,77,0.16997792494481237,Left-right ideology,16.99779249448124
6015,BUENOS AIRES,BERISSO,izq_der,90,15,0.16666666666666666,Left-right ideology,16.666666666666664
22008,CHACO,LIBERTAD,izq_der,90,15,0.16666666666666666,Left-right ideology,16.666666666666664
82003,SANTA FE,GENERAL LOPEZ,izq_der,90,15,0.16666666666666666,Left-right ideology,16.666666666666664
6029,BUENOS AIRES,ENSENADA,izq_der,91,15,0.16483516483516483,Left-right ideology,16.483516483516482
66008,SALTA,ROSARIO DE LA FRONTERA,izq_der,91,15,0.16483516483516483,Left-right ideology,16.483516483516482
58001,NEUQUEN,CONFLUENCIA,izq_der,91,14,0.15384615384615385,Left-right ideology,15.384615384615385
42001,LA PAMPA,CAPITAL,izq_der,90,13,0.14444444444444443,Left-right ideology,14.444444444444443
6004,BUENOS AIRES,BAHIA BLANCA,izq_der,90,12,0.13333333333333333,Left-right ideology,13.333333333333334
6088,BUENOS AIRES,MORON,izq_der,90,12,0.13333333333333333,Left-right ideology,13.333333333333334
6086,BUENOS AIRES,SAN MIGUEL,izq_der,92,12,0.13043478260869565,Left-right ideology,13.043478260869565
6078,BUENOS AIRES,MERLO,izq_der,90,11,0.12222222222222222,Left-right ideology,12.222222222222221
6086,BUENOS AIRES,JOSE C. PAZ,izq_der,90,11,0.12222222222222222,Left-right ideology,12.222222222222221
66001,SALTA,CAPITAL,izq_der,90,11,0.12222222222222222,Left-right ideology,12.222222222222221
6080,BUENOS AIRES,MORENO,izq_der,91,11,0.12087912087912088,Left-right ideology,12.087912087912088
90002,TUCUMAN,CRUZ ALTA,izq_der,91,11,0.12087912087912088,Left-right ideology,12.087912087912088
6083,BUENOS AIRES,TIGRE,izq_der,252,30,0.11904761904761904,Left-right ideology,11.904761904761903
6002,BUENOS AIRES,GENERAL PUEYRREDON,izq_der,183,21,0.11475409836065574,Left-right ideology,11.475409836065573
82001,SANTA FE,ROSARIO,izq_der,364,41,0.11263736263736264,Left-right ideology,11.263736263736265
6076,BUENOS AIRES,QUILMES,izq_der,18,2,0.1111111111111111,Left-right ideology,11.11111111111111
22001,CHACO,SAN FERNANDO,izq_der,184,20,0.10869565217391304,Left-right ideology,10.869565217391305
50001,MENDOZA,GUAYMALLEN,izq_der,92,10,0.10869565217391304,Left-right ideology,10.869565217391305
6079,BUENOS AIRES,LANUS,izq_der,92,9,0.09782608695652174,Left-right ideology,9.782608695652174
90001,TUCUMAN,YERBA BUENA,izq_der,94,9,0.09574468085106383,Left-right ideology,9.574468085106384
86007,SANTIAGO DEL ESTERO,GENERAL TABOADA,izq_der,180,17,0.09444444444444444,Left-right ideology,9.444444444444445
2001,CIUDAD AUTONOMA DE BUENOS AIRES,CITY OF BUENOS AIRES,izq_der,631,57,0.09033280507131537,Left-right ideology,9.033280507131538
6017,BUENOS AIRES,SAN VICENTE,izq_der,91,8,0.08791208791208792,Left-right ideology,8.791208791208792
70004,SAN JUAN,RIVADAVIA,izq_der,92,8,0.08695652173913043,Left-right ideology,8.695652173913043
50008,MENDOZA,CAPITAL,izq_der,90,7,0.07777777777777778,Left-right ideology,7.777777777777778
86005,SANTIAGO DEL ESTERO,ROBLES,izq_der,75,5,0.06666666666666667,Left-right ideology,6.666666666666667
86002,SANTIAGO DEL ESTERO,BANDA,izq_der,18,1,0.05555555555555555,Left-right ideology,5.555555555555555
66005,SALTA,LA CALDERA,izq_der,92,5,0.05434782608695652,Left-right ideology,5.434782608695652
6084,BUENOS AIRES,AVELLANEDA,izq_der,185,10,0.05405405405405406,Left-right ideology,5.405405405405405
50003,MENDOZA,GODOY CRUZ,izq_der,90,4,0.044444444444444446,Left-right ideology,4.444444444444445
22004,CHACO,GENERAL GUEMES,hombre,73,2,0.0273972602739726,Male,2.73972602739726
18001,CORRIENTES,CAPITAL,hombre,90,2,0.022222222222222223,Male,2.2222222222222223
50003,MENDOZA,GODOY CRUZ,hombre,90,2,0.022222222222222223,Male,2.2222222222222223
6079,BUENOS AIRES,LANUS,hombre,92,2,0.021739130434782608,Male,2.1739130434782608
6031,BUENOS AIRES,CANUELAS,hombre,90,1,0.011111111111111112,Male,1.1111111111111112
6086,BUENOS AIRES,JOSE C. PAZ,hombre,90,1,0.011111111111111112,Male,1.1111111111111112
14005,CORDOBA,PUNILLA,hombre,90,1,0.011111111111111112,Male,1.1111111111111112
22013,CHACO,CHACABUCO,hombre,90,1,0.011111111111111112,Male,1.1111111111111112
6075,BUENOS AIRES,LOMAS DE ZAMORA,hombre,91,1,0.01098901098901099,Male,1.098901098901099
66008,SALTA,ROSARIO DE LA FRONTERA,hombre,91,1,0.01098901098901099,Male,1.098901098901099
90002,TUCUMAN,CRUZ ALTA,hombre,91,1,0.01098901098901099,Male,1.098901098901099
6084,BUENOS AIRES,AVELLANEDA,hombre,185,2,0.010810810810810811,Male,1.0810810810810811
22002,CHACO,COMANDANTE FERNANDEZ,hombre,108,1,0.009259259259259259,Male,0.9259259259259258
6011,BUENOS AIRES,LUJAN,hombre,180,1,0.005555555555555556,Male,0.5555555555555556
6002,BUENOS AIRES,GENERAL PUEYRREDON,hombre,183,1,0.00546448087431694,Male,0.546448087431694
22001,CHACO,SAN FERNANDO,hombre,184,1,0.005434782608695652,Male,0.5434782608695652
2001,CIUDAD AUTONOMA DE BUENOS AIRES,CITY OF BUENOS AIRES,hombre,631,3,0.004754358161648178,Male,0.4754358161648178
14001,CORDOBA,CAPITAL,hombre,273,1,0.003663003663003663,Male,0.3663003663003663
6074,BUENOS AIRES,LA MATANZA,hombre,453,0,0,Male,0
82001,SANTA FE,ROSARIO,hombre,364,0,0,Male,0
62001,RIO NEGRO,GENERAL ROCA,hombre,273,0,0,Male,0
6083,BUENOS AIRES,TIGRE,hombre,252,0,0,Male,0
50015,MENDOZA,TUPUNGATO,hombre,182,0,0,Male,0
82004,SANTA FE,CASTELLANOS,hombre,181,0,0,Male,0
90001,TUCUMAN,TAFI VIAJO,hombre,181,0,0,Male,0
86007,SANTIAGO DEL ESTERO,GENERAL TABOADA,hombre,180,0,0,Male,0
90001,TUCUMAN,YERBA BUENA,hombre,94,0,0,Male,0
6086,BUENOS AIRES,SAN MIGUEL,hombre,92,0,0,Male,0
50001,MENDOZA,GUAYMALLEN,hombre,92,0,0,Male,0
66005,SALTA,LA CALDERA,hombre,92,0,0,Male,0
70004,SAN JUAN,RIVADAVIA,hombre,92,0,0,Male,0
90001,TUCUMAN,CAPITAL,hombre,92,0,0,Male,0
6001,BUENOS AIRES,LA PLATA,hombre,91,0,0,Male,0
6017,BUENOS AIRES,SAN VICENTE,hombre,91,0,0,Male,0
6029,BUENOS AIRES,ENSENADA,hombre,91,0,0,Male,0
6051,BUENOS AIRES,BARADERO,hombre,91,0,0,Male,0
6080,BUENOS AIRES,MORENO,hombre,91,0,0,Male,0
22003,CHACO,LIBERTADOR GENERAL SAN MARTIN,hombre,91,0,0,Male,0
58001,NEUQUEN,CONFLUENCIA,hombre,91,0,0,Male,0
6004,BUENOS AIRES,BAHIA BLANCA,hombre,90,0,0,Male,0
6010,BUENOS AIRES,PERGAMINO,hombre,90,0,0,Male,0
6015,BUENOS AIRES,BERISSO,hombre,90,0,0,Male,0
6025,BUENOS AIRES,MAGDALENA,hombre,90,0,0,Male,0
6069,BUENOS AIRES,MAR CHIQUITA,hombre,90,0,0,Male,0
6078,BUENOS AIRES,MERLO,hombre,90,0,0,Male,0
6088,BUENOS AIRES,MORON,hombre,90,0,0,Male,0
6091,BUENOS AIRES,VICENTE LOPEZ,hombre,90,0,0,Male,0
14004,CORDOBA,SAN JUSTO,hombre,90,0,0,Male,0
22008,CHACO,LIBERTAD,hombre,90,0,0,Male,0
30001,ENTRE RIOS,PARANA,hombre,90,0,0,Male,0
42001,LA PAMPA,CAPITAL,hombre,90,0,0,Male,0
42003,LA PAMPA,TOAY,hombre,90,0,0,Male,0
42007,LA PAMPA,UTRACAN,hombre,90,0,0,Male,0
50008,MENDOZA,CAPITAL,hombre,90,0,0,Male,0
66001,SALTA,CAPITAL,hombre,90,0,0,Male,0
82003,SANTA FE,GENERAL LOPEZ,hombre,90,0,0,Male,0
86005,SANTIAGO DEL ESTERO,ROBLES,hombre,75,0,0,Male,0
6076,BUENOS AIRES,QUILMES,hombre,18,0,0,Male,0
86002,SANTIAGO DEL ESTERO,BANDA,hombre,18,0,0,Male,0
6078,BUENOS AIRES,MERLO,intencion_migrar,90,5,0.05555555555555555,Migration intention,5.555555555555555
6080,BUENOS AIRES,MORENO,intencion_migrar,91,5,0.054945054945054944,Migration intention,5.4945054945054945
6086,BUENOS AIRES,SAN MIGUEL,intencion_migrar,92,4,0.043478260869565216,Migration intention,4.3478260869565215
50001,MENDOZA,GUAYMALLEN,intencion_migrar,92,4,0.043478260869565216,Migration intention,4.3478260869565215
82001,SANTA FE,ROSARIO,intencion_migrar,364,14,0.038461538461538464,Migration intention,3.8461538461538463
6086,BUENOS AIRES,JOSE C. PAZ,intencion_migrar,90,3,0.03333333333333333,Migration intention,3.3333333333333335
6091,BUENOS AIRES,VICENTE LOPEZ,intencion_migrar,90,3,0.03333333333333333,Migration intention,3.3333333333333335
50008,MENDOZA,CAPITAL,intencion_migrar,90,3,0.03333333333333333,Migration intention,3.3333333333333335
86005,SANTIAGO DEL ESTERO,ROBLES,intencion_migrar,75,2,0.02666666666666667,Migration intention,2.666666666666667
6011,BUENOS AIRES,LUJAN,intencion_migrar,180,4,0.022222222222222223,Migration intention,2.2222222222222223
14005,CORDOBA,PUNILLA,intencion_migrar,90,2,0.022222222222222223,Migration intention,2.2222222222222223
30001,ENTRE RIOS,PARANA,intencion_migrar,90,2,0.022222222222222223,Migration intention,2.2222222222222223
50003,MENDOZA,GODOY CRUZ,intencion_migrar,90,2,0.022222222222222223,Migration intention,2.2222222222222223
82003,SANTA FE,GENERAL LOPEZ,intencion_migrar,90,2,0.022222222222222223,Migration intention,2.2222222222222223
6017,BUENOS AIRES,SAN VICENTE,intencion_migrar,91,2,0.02197802197802198,Migration intention,2.197802197802198
6051,BUENOS AIRES,BARADERO,intencion_migrar,91,2,0.02197802197802198,Migration intention,2.197802197802198
6075,BUENOS AIRES,LOMAS DE ZAMORA,intencion_migrar,91,2,0.02197802197802198,Migration intention,2.197802197802198
90002,TUCUMAN,CRUZ ALTA,intencion_migrar,91,2,0.02197802197802198,Migration intention,2.197802197802198
6002,BUENOS AIRES,GENERAL PUEYRREDON,intencion_migrar,183,4,0.02185792349726776,Migration intention,2.185792349726776
6079,BUENOS AIRES,LANUS,intencion_migrar,92,2,0.021739130434782608,Migration intention,2.1739130434782608
2001,CIUDAD AUTONOMA DE BUENOS AIRES,CITY OF BUENOS AIRES,intencion_migrar,631,13,0.020602218700475437,Migration intention,2.0602218700475436
90001,TUCUMAN,TAFI VIAJO,intencion_migrar,181,3,0.016574585635359115,Migration intention,1.6574585635359116
6074,BUENOS AIRES,LA MATANZA,intencion_migrar,453,7,0.01545253863134658,Migration intention,1.545253863134658
6083,BUENOS AIRES,TIGRE,intencion_migrar,252,3,0.011904761904761904,Migration intention,1.1904761904761905
6010,BUENOS AIRES,PERGAMINO,intencion_migrar,90,1,0.011111111111111112,Migration intention,1.1111111111111112
6015,BUENOS AIRES,BERISSO,intencion_migrar,90,1,0.011111111111111112,Migration intention,1.1111111111111112
6025,BUENOS AIRES,MAGDALENA,intencion_migrar,90,1,0.011111111111111112,Migration intention,1.1111111111111112
6069,BUENOS AIRES,MAR CHIQUITA,intencion_migrar,90,1,0.011111111111111112,Migration intention,1.1111111111111112
6088,BUENOS AIRES,MORON,intencion_migrar,90,1,0.011111111111111112,Migration intention,1.1111111111111112
42001,LA PAMPA,CAPITAL,intencion_migrar,90,1,0.011111111111111112,Migration intention,1.1111111111111112
42003,LA PAMPA,TOAY,intencion_migrar,90,1,0.011111111111111112,Migration intention,1.1111111111111112
42007,LA PAMPA,UTRACAN,intencion_migrar,90,1,0.011111111111111112,Migration intention,1.1111111111111112
66001,SALTA,CAPITAL,intencion_migrar,90,1,0.011111111111111112,Migration intention,1.1111111111111112
82004,SANTA FE,CASTELLANOS,intencion_migrar,181,2,0.011049723756906077,Migration intention,1.1049723756906076
62001,RIO NEGRO,GENERAL ROCA,intencion_migrar,273,3,0.01098901098901099,Migration intention,1.098901098901099
6029,BUENOS AIRES,ENSENADA,intencion_migrar,91,1,0.01098901098901099,Migration intention,1.098901098901099
58001,NEUQUEN,CONFLUENCIA,intencion_migrar,91,1,0.01098901098901099,Migration intention,1.098901098901099
90001,TUCUMAN,CAPITAL,intencion_migrar,92,1,0.010869565217391304,Migration intention,1.0869565217391304
90001,TUCUMAN,YERBA BUENA,intencion_migrar,94,1,0.010638297872340425,Migration intention,1.0638297872340425
14001,CORDOBA,CAPITAL,intencion_migrar,273,2,0.007326007326007326,Migration intention,0.7326007326007326
86007,SANTIAGO DEL ESTERO,GENERAL TABOADA,intencion_migrar,180,1,0.005555555555555556,Migration intention,0.5555555555555556
22001,CHACO,SAN FERNANDO,intencion_migrar,184,1,0.005434782608695652,Migration intention,0.5434782608695652
6084,BUENOS AIRES,AVELLANEDA,intencion_migrar,185,0,0,Migration intention,0
50015,MENDOZA,TUPUNGATO,intencion_migrar,182,0,0,Migration intention,0
22002,CHACO,COMANDANTE FERNANDEZ,intencion_migrar,108,0,0,Migration intention,0
66005,SALTA,LA CALDERA,intencion_migrar,92,0,0,Migration intention,0
70004,SAN JUAN,RIVADAVIA,intencion_migrar,92,0,0,Migration intention,0
6001,BUENOS AIRES,LA PLATA,intencion_migrar,91,0,0,Migration intention,0
22003,CHACO,LIBERTADOR GENERAL SAN MARTIN,intencion_migrar,91,0,0,Migration intention,0
66008,SALTA,ROSARIO DE LA FRONTERA,intencion_migrar,91,0,0,Migration intention,0
6004,BUENOS AIRES,BAHIA BLANCA,intencion_migrar,90,0,0,Migration intention,0
6031,BUENOS AIRES,CANUELAS,intencion_migrar,90,0,0,Migration intention,0
14004,CORDOBA,SAN JUSTO,intencion_migrar,90,0,0,Migration intention,0
18001,CORRIENTES,CAPITAL,intencion_migrar,90,0,0,Migration intention,0
22008,CHACO,LIBERTAD,intencion_migrar,90,0,0,Migration intention,0
22013,CHACO,CHACABUCO,intencion_migrar,90,0,0,Migration intention,0
22004,CHACO,GENERAL GUEMES,intencion_migrar,73,0,0,Migration intention,0
6076,BUENOS AIRES,QUILMES,intencion_migrar,18,0,0,Migration intention,0
86002,SANTIAGO DEL ESTERO,BANDA,intencion_migrar,18,0,0,Migration intention,0
14005,CORDOBA,PUNILLA,en_pareja,90,2,0.022222222222222223,Partnered,2.2222222222222223
6086,BUENOS AIRES,JOSE C. PAZ,en_pareja,90,1,0.011111111111111112,Partnered,1.1111111111111112
6075,BUENOS AIRES,LOMAS DE ZAMORA,en_pareja,91,1,0.01098901098901099,Partnered,1.098901098901099
6086,BUENOS AIRES,SAN MIGUEL,en_pareja,92,1,0.010869565217391304,Partnered,1.0869565217391304
50001,MENDOZA,GUAYMALLEN,en_pareja,92,1,0.010869565217391304,Partnered,1.0869565217391304
82004,SANTA FE,CASTELLANOS,en_pareja,181,1,0.0055248618784530384,Partnered,0.5524861878453038
6002,BUENOS AIRES,GENERAL PUEYRREDON,en_pareja,183,1,0.00546448087431694,Partnered,0.546448087431694
6083,BUENOS AIRES,TIGRE,en_pareja,252,1,0.003968253968253968,Partnered,0.3968253968253968
14001,CORDOBA,CAPITAL,en_pareja,273,1,0.003663003663003663,Partnered,0.3663003663003663
62001,RIO NEGRO,GENERAL ROCA,en_pareja,273,1,0.003663003663003663,Partnered,0.3663003663003663
2001,CIUDAD AUTONOMA DE BUENOS AIRES,CITY OF BUENOS AIRES,en_pareja,631,2,0.003169572107765452,Partnered,0.31695721077654515
82001,SANTA FE,ROSARIO,en_pareja,364,1,0.0027472527472527475,Partnered,0.27472527472527475
6074,BUENOS AIRES,LA MATANZA,en_pareja,453,0,0,Partnered,0
6084,BUENOS AIRES,AVELLANEDA,en_pareja,185,0,0,Partnered,0
22001,CHACO,SAN FERNANDO,en_pareja,184,0,0,Partnered,0
50015,MENDOZA,TUPUNGATO,en_pareja,182,0,0,Partnered,0
90001,TUCUMAN,TAFI VIAJO,en_pareja,181,0,0,Partnered,0
6011,BUENOS AIRES,LUJAN,en_pareja,180,0,0,Partnered,0
86007,SANTIAGO DEL ESTERO,GENERAL TABOADA,en_pareja,180,0,0,Partnered,0
22002,CHACO,COMANDANTE FERNANDEZ,en_pareja,108,0,0,Partnered,0
90001,TUCUMAN,YERBA BUENA,en_pareja,94,0,0,Partnered,0
6079,BUENOS AIRES,LANUS,en_pareja,92,0,0,Partnered,0
66005,SALTA,LA CALDERA,en_pareja,92,0,0,Partnered,0
70004,SAN JUAN,RIVADAVIA,en_pareja,92,0,0,Partnered,0
90001,TUCUMAN,CAPITAL,en_pareja,92,0,0,Partnered,0
6001,BUENOS AIRES,LA PLATA,en_pareja,91,0,0,Partnered,0
6017,BUENOS AIRES,SAN VICENTE,en_pareja,91,0,0,Partnered,0
6029,BUENOS AIRES,ENSENADA,en_pareja,91,0,0,Partnered,0
6051,BUENOS AIRES,BARADERO,en_pareja,91,0,0,Partnered,0
6080,BUENOS AIRES,MORENO,en_pareja,91,0,0,Partnered,0
22003,CHACO,LIBERTADOR GENERAL SAN MARTIN,en_pareja,91,0,0,Partnered,0
58001,NEUQUEN,CONFLUENCIA,en_pareja,91,0,0,Partnered,0
66008,SALTA,ROSARIO DE LA FRONTERA,en_pareja,91,0,0,Partnered,0
90002,TUCUMAN,CRUZ ALTA,en_pareja,91,0,0,Partnered,0
6004,BUENOS AIRES,BAHIA BLANCA,en_pareja,90,0,0,Partnered,0
6010,BUENOS AIRES,PERGAMINO,en_pareja,90,0,0,Partnered,0
6015,BUENOS AIRES,BERISSO,en_pareja,90,0,0,Partnered,0
6025,BUENOS AIRES,MAGDALENA,en_pareja,90,0,0,Partnered,0
6031,BUENOS AIRES,CANUELAS,en_pareja,90,0,0,Partnered,0
6069,BUENOS AIRES,MAR CHIQUITA,en_pareja,90,0,0,Partnered,0
6078,BUENOS AIRES,MERLO,en_pareja,90,0,0,Partnered,0
6088,BUENOS AIRES,MORON,en_pareja,90,0,0,Partnered,0
6091,BUENOS AIRES,VICENTE LOPEZ,en_pareja,90,0,0,Partnered,0
14004,CORDOBA,SAN JUSTO,en_pareja,90,0,0,Partnered,0
18001,CORRIENTES,CAPITAL,en_pareja,90,0,0,Partnered,0
22008,CHACO,LIBERTAD,en_pareja,90,0,0,Partnered,0
22013,CHACO,CHACABUCO,en_pareja,90,0,0,Partnered,0
30001,ENTRE RIOS,PARANA,en_pareja,90,0,0,Partnered,0
42001,LA PAMPA,CAPITAL,en_pareja,90,0,0,Partnered,0
42003,LA PAMPA,TOAY,en_pareja,90,0,0,Partnered,0
42007,LA PAMPA,UTRACAN,en_pareja,90,0,0,Partnered,0
50003,MENDOZA,GODOY CRUZ,en_pareja,90,0,0,Partnered,0
50008,MENDOZA,CAPITAL,en_pareja,90,0,0,Partnered,0
66001,SALTA,CAPITAL,en_pareja,90,0,0,Partnered,0
82003,SANTA FE,GENERAL LOPEZ,en_pareja,90,0,0,Partnered,0
86005,SANTIAGO DEL ESTERO,ROBLES,en_pareja,75,0,0,Partnered,0
22004,CHACO,GENERAL GUEMES,en_pareja,73,0,0,Partnered,0
6076,BUENOS AIRES,QUILMES,en_pareja,18,0,0,Partnered,0
86002,SANTIAGO DEL ESTERO,BANDA,en_pareja,18,0,0,Partnered,0
6091,BUENOS AIRES,VICENTE LOPEZ,desempleado,90,1,0.011111111111111112,Unemployed,1.1111111111111112
22008,CHACO,LIBERTAD,desempleado,90,1,0.011111111111111112,Unemployed,1.1111111111111112
42007,LA PAMPA,UTRACAN,desempleado,90,1,0.011111111111111112,Unemployed,1.1111111111111112
50008,MENDOZA,CAPITAL,desempleado,90,1,0.011111111111111112,Unemployed,1.1111111111111112
6001,BUENOS AIRES,LA PLATA,desempleado,91,1,0.01098901098901099,Unemployed,1.098901098901099
58001,NEUQUEN,CONFLUENCIA,desempleado,91,1,0.01098901098901099,Unemployed,1.098901098901099
50001,MENDOZA,GUAYMALLEN,desempleado,92,1,0.010869565217391304,Unemployed,1.0869565217391304
6002,BUENOS AIRES,GENERAL PUEYRREDON,desempleado,183,1,0.00546448087431694,Unemployed,0.546448087431694
14001,CORDOBA,CAPITAL,desempleado,273,1,0.003663003663003663,Unemployed,0.3663003663003663
62001,RIO NEGRO,GENERAL ROCA,desempleado,273,1,0.003663003663003663,Unemployed,0.3663003663003663
2001,CIUDAD AUTONOMA DE BUENOS AIRES,CITY OF BUENOS AIRES,desempleado,631,2,0.003169572107765452,Unemployed,0.31695721077654515
6074,BUENOS AIRES,LA MATANZA,desempleado,453,0,0,Unemployed,0
82001,SANTA FE,ROSARIO,desempleado,364,0,0,Unemployed,0
6083,BUENOS AIRES,TIGRE,desempleado,252,0,0,Unemployed,0
6084,BUENOS AIRES,AVELLANEDA,desempleado,185,0,0,Unemployed,0
22001,CHACO,SAN FERNANDO,desempleado,184,0,0,Unemployed,0
50015,MENDOZA,TUPUNGATO,desempleado,182,0,0,Unemployed,0
82004,SANTA FE,CASTELLANOS,desempleado,181,0,0,Unemployed,0
90001,TUCUMAN,TAFI VIAJO,desempleado,181,0,0,Unemployed,0
6011,BUENOS AIRES,LUJAN,desempleado,180,0,0,Unemployed,0
86007,SANTIAGO DEL ESTERO,GENERAL TABOADA,desempleado,180,0,0,Unemployed,0
22002,CHACO,COMANDANTE FERNANDEZ,desempleado,108,0,0,Unemployed,0
90001,TUCUMAN,YERBA BUENA,desempleado,94,0,0,Unemployed,0
6079,BUENOS AIRES,LANUS,desempleado,92,0,0,Unemployed,0
6086,BUENOS AIRES,SAN MIGUEL,desempleado,92,0,0,Unemployed,0
66005,SALTA,LA CALDERA,desempleado,92,0,0,Unemployed,0
70004,SAN JUAN,RIVADAVIA,desempleado,92,0,0,Unemployed,0
90001,TUCUMAN,CAPITAL,desempleado,92,0,0,Unemployed,0
6017,BUENOS AIRES,SAN VICENTE,desempleado,91,0,0,Unemployed,0
6029,BUENOS AIRES,ENSENADA,desempleado,91,0,0,Unemployed,0
6051,BUENOS AIRES,BARADERO,desempleado,91,0,0,Unemployed,0
6075,BUENOS AIRES,LOMAS DE ZAMORA,desempleado,91,0,0,Unemployed,0
6080,BUENOS AIRES,MORENO,desempleado,91,0,0,Unemployed,0
22003,CHACO,LIBERTADOR GENERAL SAN MARTIN,desempleado,91,0,0,Unemployed,0
66008,SALTA,ROSARIO DE LA FRONTERA,desempleado,91,0,0,Unemployed,0
90002,TUCUMAN,CRUZ ALTA,desempleado,91,0,0,Unemployed,0
6004,BUENOS AIRES,BAHIA BLANCA,desempleado,90,0,0,Unemployed,0
6010,BUENOS AIRES,PERGAMINO,desempleado,90,0,0,Unemployed,0
6015,BUENOS AIRES,BERISSO,desempleado,90,0,0,Unemployed,0
6025,BUENOS AIRES,MAGDALENA,desempleado,90,0,0,Unemployed,0
6031,BUENOS AIRES,CANUELAS,desempleado,90,0,0,Unemployed,0
6069,BUENOS AIRES,MAR CHIQUITA,desempleado,90,0,0,Unemployed,0
6078,BUENOS AIRES,MERLO,desempleado,90,0,0,Unemployed,0
6086,BUENOS AIRES,JOSE C. PAZ,desempleado,90,0,0,Unemployed,0
6088,BUENOS AIRES,MORON,desempleado,90,0,0,Unemployed,0
14004,CORDOBA,SAN JUSTO,desempleado,90,0,0,Unemployed,0
14005,CORDOBA,PUNILLA,desempleado,90,0,0,Unemployed,0
18001,CORRIENTES,CAPITAL,desempleado,90,0,0,Unemployed,0
22013,CHACO,CHACABUCO,desempleado,90,0,0,Unemployed,0
30001,ENTRE RIOS,PARANA,desempleado,90,0,0,Unemployed,0
42001,LA PAMPA,CAPITAL,desempleado,90,0,0,Unemployed,0
42003,LA PAMPA,TOAY,desempleado,90,0,0,Unemployed,0
50003,MENDOZA,GODOY CRUZ,desempleado,90,0,0,Unemployed,0
66001,SALTA,CAPITAL,desempleado,90,0,0,Unemployed,0
82003,SANTA FE,GENERAL LOPEZ,desempleado,90,0,0,Unemployed,0
86005,SANTIAGO DEL ESTERO,ROBLES,desempleado,75,0,0,Unemployed,0
22004,CHACO,GENERAL GUEMES,desempleado,73,0,0,Unemployed,0
6076,BUENOS AIRES,QUILMES,desempleado,18,0,0,Unemployed,0
86002,SANTIAGO DEL ESTERO,BANDA,desempleado,18,0,0,Unemployed,0
6025,BUENOS AIRES,MAGDALENA,interes_pol_mucho,90,2,0.022222222222222223,Very interested in politics,2.2222222222222223
6031,BUENOS AIRES,CANUELAS,interes_pol_mucho,90,2,0.022222222222222223,Very interested in politics,2.2222222222222223
6001,BUENOS AIRES,LA PLATA,interes_pol_mucho,91,2,0.02197802197802198,Very interested in politics,2.197802197802198
86005,SANTIAGO DEL ESTERO,ROBLES,interes_pol_mucho,75,1,0.013333333333333334,Very interested in politics,1.3333333333333335
6011,BUENOS AIRES,LUJAN,interes_pol_mucho,180,2,0.011111111111111112,Very interested in politics,1.1111111111111112
6078,BUENOS AIRES,MERLO,interes_pol_mucho,90,1,0.011111111111111112,Very interested in politics,1.1111111111111112
6074,BUENOS AIRES,LA MATANZA,interes_pol_mucho,453,5,0.011037527593818985,Very interested in politics,1.1037527593818985
14001,CORDOBA,CAPITAL,interes_pol_mucho,273,3,0.01098901098901099,Very interested in politics,1.098901098901099
50015,MENDOZA,TUPUNGATO,interes_pol_mucho,182,2,0.01098901098901099,Very interested in politics,1.098901098901099
6075,BUENOS AIRES,LOMAS DE ZAMORA,interes_pol_mucho,91,1,0.01098901098901099,Very interested in politics,1.098901098901099
6080,BUENOS AIRES,MORENO,interes_pol_mucho,91,1,0.01098901098901099,Very interested in politics,1.098901098901099
58001,NEUQUEN,CONFLUENCIA,interes_pol_mucho,91,1,0.01098901098901099,Very interested in politics,1.098901098901099
6079,BUENOS AIRES,LANUS,interes_pol_mucho,92,1,0.010869565217391304,Very interested in politics,1.0869565217391304
50001,MENDOZA,GUAYMALLEN,interes_pol_mucho,92,1,0.010869565217391304,Very interested in politics,1.0869565217391304
6084,BUENOS AIRES,AVELLANEDA,interes_pol_mucho,185,2,0.010810810810810811,Very interested in politics,1.0810810810810811
90001,TUCUMAN,YERBA BUENA,interes_pol_mucho,94,1,0.010638297872340425,Very interested in politics,1.0638297872340425
2001,CIUDAD AUTONOMA DE BUENOS AIRES,CITY OF BUENOS AIRES,interes_pol_mucho,631,6,0.009508716323296355,Very interested in politics,0.9508716323296356
82001,SANTA FE,ROSARIO,interes_pol_mucho,364,3,0.008241758241758242,Very interested in politics,0.8241758241758242
62001,RIO NEGRO,GENERAL ROCA,interes_pol_mucho,273,0,0,Very interested in politics,0
6083,BUENOS AIRES,TIGRE,interes_pol_mucho,252,0,0,Very interested in politics,0
22001,CHACO,SAN FERNANDO,interes_pol_mucho,184,0,0,Very interested in politics,0
6002,BUENOS AIRES,GENERAL PUEYRREDON,interes_pol_mucho,183,0,0,Very interested in politics,0
82004,SANTA FE,CASTELLANOS,interes_pol_mucho,181,0,0,Very interested in politics,0
90001,TUCUMAN,TAFI VIAJO,interes_pol_mucho,181,0,0,Very interested in politics,0
86007,SANTIAGO DEL ESTERO,GENERAL TABOADA,interes_pol_mucho,180,0,0,Very interested in politics,0
22002,CHACO,COMANDANTE FERNANDEZ,interes_pol_mucho,108,0,0,Very interested in politics,0
6086,BUENOS AIRES,SAN MIGUEL,interes_pol_mucho,92,0,0,Very interested in politics,0
66005,SALTA,LA CALDERA,interes_pol_mucho,92,0,0,Very interested in politics,0
70004,SAN JUAN,RIVADAVIA,interes_pol_mucho,92,0,0,Very interested in politics,0
90001,TUCUMAN,CAPITAL,interes_pol_mucho,92,0,0,Very interested in politics,0
6017,BUENOS AIRES,SAN VICENTE,interes_pol_mucho,91,0,0,Very interested in politics,0
6029,BUENOS AIRES,ENSENADA,interes_pol_mucho,91,0,0,Very interested in politics,0
6051,BUENOS AIRES,BARADERO,interes_pol_mucho,91,0,0,Very interested in politics,0
22003,CHACO,LIBERTADOR GENERAL SAN MARTIN,interes_pol_mucho,91,0,0,Very interested in politics,0
66008,SALTA,ROSARIO DE LA FRONTERA,interes_pol_mucho,91,0,0,Very interested in politics,0
90002,TUCUMAN,CRUZ ALTA,interes_pol_mucho,91,0,0,Very interested in politics,0
6004,BUENOS AIRES,BAHIA BLANCA,interes_pol_mucho,90,0,0,Very interested in politics,0
6010,BUENOS AIRES,PERGAMINO,interes_pol_mucho,90,0,0,Very interested in politics,0
6015,BUENOS AIRES,BERISSO,interes_pol_mucho,90,0,0,Very interested in politics,0
6069,BUENOS AIRES,MAR CHIQUITA,interes_pol_mucho,90,0,0,Very interested in politics,0
6086,BUENOS AIRES,JOSE C. PAZ,interes_pol_mucho,90,0,0,Very interested in politics,0
6088,BUENOS AIRES,MORON,interes_pol_mucho,90,0,0,Very interested in politics,0
6091,BUENOS AIRES,VICENTE LOPEZ,interes_pol_mucho,90,0,0,Very interested in politics,0
14004,CORDOBA,SAN JUSTO,interes_pol_mucho,90,0,0,Very interested in politics,0
14005,CORDOBA,PUNILLA,interes_pol_mucho,90,0,0,Very interested in politics,0
18001,CORRIENTES,CAPITAL,interes_pol_mucho,90,0,0,Very interested in politics,0
22008,CHACO,LIBERTAD,interes_pol_mucho,90,0,0,Very interested in politics,0
22013,CHACO,CHACABUCO,interes_pol_mucho,90,0,0,Very interested in politics,0
30001,ENTRE RIOS,PARANA,interes_pol_mucho,90,0,0,Very interested in politics,0
42001,LA PAMPA,CAPITAL,interes_pol_mucho,90,0,0,Very interested in politics,0
42003,LA PAMPA,TOAY,interes_pol_mucho,90,0,0,Very interested in politics,0
42007,LA PAMPA,UTRACAN,interes_pol_mucho,90,0,0,Very interested in politics,0
50003,MENDOZA,GODOY CRUZ,interes_pol_mucho,90,0,0,Very interested in politics,0
50008,MENDOZA,CAPITAL,interes_pol_mucho,90,0,0,Very interested in politics,0
66001,SALTA,CAPITAL,interes_pol_mucho,90,0,0,Very interested in politics,0
82003,SANTA FE,GENERAL LOPEZ,interes_pol_mucho,90,0,0,Very interested in politics,0
22004,CHACO,GENERAL GUEMES,interes_pol_mucho,73,0,0,Very interested in politics,0
6076,BUENOS AIRES,QUILMES,interes_pol_mucho,18,0,0,Very interested in politics,0
86002,SANTIAGO DEL ESTERO,BANDA,interes_pol_mucho,18,0,0,Very interested in politics,0
