mun_code,nom_prov_clean,nom_mun_clean,variable,observaciones,observaciones_missing,proporcion_missing,porcentaje_missing,variable_label
2001,CIUDAD AUTONOMA DE BUENOS AIRES,CITY OF BUENOS AIRES,intencion_migrar,631,13,0.020602218700475437,2.0602218700475436,Migration intention
2001,CIUDAD AUTONOMA DE BUENOS AIRES,CITY OF BUENOS AIRES,izq_der,631,57,0.09033280507131537,9.033280507131538,Left-right ideology
2001,CIUDAD AUTONOMA DE BUENOS AIRES,CITY OF BUENOS AIRES,voto_blanco_nulo,631,154,0.24405705229793978,24.405705229793977,Blank/null vote
6001,BUENOS AIRES,LA PLATA,intencion_migrar,91,0,0,0,Migration intention
6001,BUENOS AIRES,LA PLATA,izq_der,91,16,0.17582417582417584,17.582417582417584,Left-right ideology
6001,BUENOS AIRES,LA PLATA,voto_blanco_nulo,91,12,0.13186813186813187,13.186813186813188,Blank/null vote
6002,BUENOS AIRES,GENERAL PUEYRREDON,intencion_migrar,183,4,0.02185792349726776,2.185792349726776,Migration intention
6002,BUENOS AIRES,GENERAL PUEYRREDON,izq_der,183,21,0.11475409836065574,11.475409836065573,Left-right ideology
6002,BUENOS AIRES,GENERAL PUEYRREDON,voto_blanco_nulo,183,31,0.16939890710382513,16.939890710382514,Blank/null vote
6004,BUENOS AIRES,BAHIA BLANCA,intencion_migrar,90,0,0,0,Migration intention
6004,BUENOS AIRES,BAHIA BLANCA,izq_der,90,12,0.13333333333333333,13.333333333333334,Left-right ideology
6004,BUENOS AIRES,BAHIA BLANCA,voto_blanco_nulo,90,18,0.2,20,Blank/null vote
6010,BUENOS AIRES,PERGAMINO,intencion_migrar,90,1,0.011111111111111112,1.1111111111111112,Migration intention
6010,BUENOS AIRES,PERGAMINO,izq_der,90,16,0.17777777777777778,17.77777777777778,Left-right ideology
6010,BUENOS AIRES,PERGAMINO,voto_blanco_nulo,90,19,0.2111111111111111,21.11111111111111,Blank/null vote
6011,BUENOS AIRES,LUJAN,intencion_migrar,180,4,0.022222222222222223,2.2222222222222223,Migration intention
6011,BUENOS AIRES,LUJAN,izq_der,180,41,0.22777777777777777,22.77777777777778,Left-right ideology
6011,BUENOS AIRES,LUJAN,voto_blanco_nulo,180,46,0.25555555555555554,25.555555555555554,Blank/null vote
6015,BUENOS AIRES,BERISSO,intencion_migrar,90,1,0.011111111111111112,1.1111111111111112,Migration intention
6015,BUENOS AIRES,BERISSO,izq_der,90,15,0.16666666666666666,16.666666666666664,Left-right ideology
6015,BUENOS AIRES,BERISSO,voto_blanco_nulo,90,14,0.15555555555555556,15.555555555555555,Blank/null vote
6017,BUENOS AIRES,SAN VICENTE,intencion_migrar,91,2,0.02197802197802198,2.197802197802198,Migration intention
6017,BUENOS AIRES,SAN VICENTE,izq_der,91,8,0.08791208791208792,8.791208791208792,Left-right ideology
6017,BUENOS AIRES,SAN VICENTE,voto_blanco_nulo,91,17,0.18681318681318682,18.681318681318682,Blank/null vote
6025,BUENOS AIRES,MAGDALENA,intencion_migrar,90,1,0.011111111111111112,1.1111111111111112,Migration intention
6025,BUENOS AIRES,MAGDALENA,izq_der,90,25,0.2777777777777778,27.77777777777778,Left-right ideology
6025,BUENOS AIRES,MAGDALENA,voto_blanco_nulo,90,22,0.24444444444444444,24.444444444444443,Blank/null vote
6029,BUENOS AIRES,ENSENADA,intencion_migrar,91,1,0.01098901098901099,1.098901098901099,Migration intention
6029,BUENOS AIRES,ENSENADA,izq_der,91,15,0.16483516483516483,16.483516483516482,Left-right ideology
6029,BUENOS AIRES,ENSENADA,voto_blanco_nulo,91,13,0.14285714285714285,14.285714285714285,Blank/null vote
6031,BUENOS AIRES,CANUELAS,intencion_migrar,90,0,0,0,Migration intention
6031,BUENOS AIRES,CANUELAS,izq_der,90,20,0.2222222222222222,22.22222222222222,Left-right ideology
6031,BUENOS AIRES,CANUELAS,voto_blanco_nulo,90,22,0.24444444444444444,24.444444444444443,Blank/null vote
6051,BUENOS AIRES,BARADERO,intencion_migrar,91,2,0.02197802197802198,2.197802197802198,Migration intention
6051,BUENOS AIRES,BARADERO,izq_der,91,21,0.23076923076923078,23.076923076923077,Left-right ideology
6051,BUENOS AIRES,BARADERO,voto_blanco_nulo,91,16,0.17582417582417584,17.582417582417584,Blank/null vote
6069,BUENOS AIRES,MAR CHIQUITA,intencion_migrar,90,1,0.011111111111111112,1.1111111111111112,Migration intention
6069,BUENOS AIRES,MAR CHIQUITA,izq_der,90,17,0.18888888888888888,18.88888888888889,Left-right ideology
6069,BUENOS AIRES,MAR CHIQUITA,voto_blanco_nulo,90,13,0.14444444444444443,14.444444444444443,Blank/null vote
6074,BUENOS AIRES,LA MATANZA,intencion_migrar,453,7,0.01545253863134658,1.545253863134658,Migration intention
6074,BUENOS AIRES,LA MATANZA,izq_der,453,77,0.16997792494481237,16.99779249448124,Left-right ideology
6074,BUENOS AIRES,LA MATANZA,voto_blanco_nulo,453,117,0.2582781456953642,25.82781456953642,Blank/null vote
6075,BUENOS AIRES,LOMAS DE ZAMORA,intencion_migrar,91,2,0.02197802197802198,2.197802197802198,Migration intention
6075,BUENOS AIRES,LOMAS DE ZAMORA,izq_der,91,16,0.17582417582417584,17.582417582417584,Left-right ideology
6075,BUENOS AIRES,LOMAS DE ZAMORA,voto_blanco_nulo,91,24,0.26373626373626374,26.373626373626376,Blank/null vote
6076,BUENOS AIRES,QUILMES,intencion_migrar,18,0,0,0,Migration intention
6076,BUENOS AIRES,QUILMES,izq_der,18,2,0.1111111111111111,11.11111111111111,Left-right ideology
6076,BUENOS AIRES,QUILMES,voto_blanco_nulo,18,5,0.2777777777777778,27.77777777777778,Blank/null vote
6078,BUENOS AIRES,MERLO,intencion_migrar,90,5,0.05555555555555555,5.555555555555555,Migration intention
6078,BUENOS AIRES,MERLO,izq_der,90,11,0.12222222222222222,12.222222222222221,Left-right ideology
6078,BUENOS AIRES,MERLO,voto_blanco_nulo,90,18,0.2,20,Blank/null vote
6079,BUENOS AIRES,LANUS,intencion_migrar,92,2,0.021739130434782608,2.1739130434782608,Migration intention
6079,BUENOS AIRES,LANUS,izq_der,92,9,0.09782608695652174,9.782608695652174,Left-right ideology
6079,BUENOS AIRES,LANUS,voto_blanco_nulo,92,20,0.21739130434782608,21.73913043478261,Blank/null vote
6080,BUENOS AIRES,MORENO,intencion_migrar,91,5,0.054945054945054944,5.4945054945054945,Migration intention
6080,BUENOS AIRES,MORENO,izq_der,91,11,0.12087912087912088,12.087912087912088,Left-right ideology
6080,BUENOS AIRES,MORENO,voto_blanco_nulo,91,25,0.27472527472527475,27.472527472527474,Blank/null vote
6083,BUENOS AIRES,TIGRE,intencion_migrar,252,3,0.011904761904761904,1.1904761904761905,Migration intention
6083,BUENOS AIRES,TIGRE,izq_der,252,30,0.11904761904761904,11.904761904761903,Left-right ideology
6083,BUENOS AIRES,TIGRE,voto_blanco_nulo,252,50,0.1984126984126984,19.841269841269842,Blank/null vote
6084,BUENOS AIRES,AVELLANEDA,intencion_migrar,185,0,0,0,Migration intention
6084,BUENOS AIRES,AVELLANEDA,izq_der,185,10,0.05405405405405406,5.405405405405405,Left-right ideology
6084,BUENOS AIRES,AVELLANEDA,voto_blanco_nulo,185,38,0.20540540540540542,20.54054054054054,Blank/null vote
6086,BUENOS AIRES,JOSE C. PAZ,intencion_migrar,90,3,0.03333333333333333,3.3333333333333335,Migration intention
6086,BUENOS AIRES,JOSE C. PAZ,izq_der,90,11,0.12222222222222222,12.222222222222221,Left-right ideology
6086,BUENOS AIRES,JOSE C. PAZ,voto_blanco_nulo,90,19,0.2111111111111111,21.11111111111111,Blank/null vote
6086,BUENOS AIRES,SAN MIGUEL,intencion_migrar,92,4,0.043478260869565216,4.3478260869565215,Migration intention
6086,BUENOS AIRES,SAN MIGUEL,izq_der,92,12,0.13043478260869565,13.043478260869565,Left-right ideology
6086,BUENOS AIRES,SAN MIGUEL,voto_blanco_nulo,92,19,0.20652173913043478,20.652173913043477,Blank/null vote
6088,BUENOS AIRES,MORON,intencion_migrar,90,1,0.011111111111111112,1.1111111111111112,Migration intention
6088,BUENOS AIRES,MORON,izq_der,90,12,0.13333333333333333,13.333333333333334,Left-right ideology
6088,BUENOS AIRES,MORON,voto_blanco_nulo,90,22,0.24444444444444444,24.444444444444443,Blank/null vote
6091,BUENOS AIRES,VICENTE LOPEZ,intencion_migrar,90,3,0.03333333333333333,3.3333333333333335,Migration intention
6091,BUENOS AIRES,VICENTE LOPEZ,izq_der,90,18,0.2,20,Left-right ideology
6091,BUENOS AIRES,VICENTE LOPEZ,voto_blanco_nulo,90,19,0.2111111111111111,21.11111111111111,Blank/null vote
14001,CORDOBA,CAPITAL,intencion_migrar,273,2,0.007326007326007326,0.7326007326007326,Migration intention
14001,CORDOBA,CAPITAL,izq_der,273,53,0.19413919413919414,19.413919413919416,Left-right ideology
14001,CORDOBA,CAPITAL,voto_blanco_nulo,273,82,0.30036630036630035,30.036630036630036,Blank/null vote
14004,CORDOBA,SAN JUSTO,intencion_migrar,90,0,0,0,Migration intention
14004,CORDOBA,SAN JUSTO,izq_der,90,22,0.24444444444444444,24.444444444444443,Left-right ideology
14004,CORDOBA,SAN JUSTO,voto_blanco_nulo,90,28,0.3111111111111111,31.11111111111111,Blank/null vote
14005,CORDOBA,PUNILLA,intencion_migrar,90,2,0.022222222222222223,2.2222222222222223,Migration intention
14005,CORDOBA,PUNILLA,izq_der,90,17,0.18888888888888888,18.88888888888889,Left-right ideology
14005,CORDOBA,PUNILLA,voto_blanco_nulo,90,32,0.35555555555555557,35.55555555555556,Blank/null vote
18001,CORRIENTES,CAPITAL,intencion_migrar,90,0,0,0,Migration intention
18001,CORRIENTES,CAPITAL,izq_der,90,17,0.18888888888888888,18.88888888888889,Left-right ideology
18001,CORRIENTES,CAPITAL,voto_blanco_nulo,90,17,0.18888888888888888,18.88888888888889,Blank/null vote
22001,CHACO,SAN FERNANDO,intencion_migrar,184,1,0.005434782608695652,0.5434782608695652,Migration intention
22001,CHACO,SAN FERNANDO,izq_der,184,20,0.10869565217391304,10.869565217391305,Left-right ideology
22001,CHACO,SAN FERNANDO,voto_blanco_nulo,184,37,0.20108695652173914,20.108695652173914,Blank/null vote
22002,CHACO,COMANDANTE FERNANDEZ,intencion_migrar,108,0,0,0,Migration intention
22002,CHACO,COMANDANTE FERNANDEZ,izq_der,108,25,0.23148148148148148,23.14814814814815,Left-right ideology
22002,CHACO,COMANDANTE FERNANDEZ,voto_blanco_nulo,108,25,0.23148148148148148,23.14814814814815,Blank/null vote
22003,CHACO,LIBERTADOR GENERAL SAN MARTIN,intencion_migrar,91,0,0,0,Migration intention
22003,CHACO,LIBERTADOR GENERAL SAN MARTIN,izq_der,91,21,0.23076923076923078,23.076923076923077,Left-right ideology
22003,CHACO,LIBERTADOR GENERAL SAN MARTIN,voto_blanco_nulo,91,20,0.21978021978021978,21.978021978021978,Blank/null vote
22004,CHACO,GENERAL GUEMES,intencion_migrar,73,0,0,0,Migration intention
22004,CHACO,GENERAL GUEMES,izq_der,73,16,0.2191780821917808,21.91780821917808,Left-right ideology
22004,CHACO,GENERAL GUEMES,voto_blanco_nulo,73,19,0.2602739726027397,26.027397260273972,Blank/null vote
22008,CHACO,LIBERTAD,intencion_migrar,90,0,0,0,Migration intention
22008,CHACO,LIBERTAD,izq_der,90,15,0.16666666666666666,16.666666666666664,Left-right ideology
22008,CHACO,LIBERTAD,voto_blanco_nulo,90,21,0.23333333333333334,23.333333333333332,Blank/null vote
22013,CHACO,CHACABUCO,intencion_migrar,90,0,0,0,Migration intention
22013,CHACO,CHACABUCO,izq_der,90,28,0.3111111111111111,31.11111111111111,Left-right ideology
22013,CHACO,CHACABUCO,voto_blanco_nulo,90,32,0.35555555555555557,35.55555555555556,Blank/null vote
30001,ENTRE RIOS,PARANA,intencion_migrar,90,2,0.022222222222222223,2.2222222222222223,Migration intention
30001,ENTRE RIOS,PARANA,izq_der,90,18,0.2,20,Left-right ideology
30001,ENTRE RIOS,PARANA,voto_blanco_nulo,90,13,0.14444444444444443,14.444444444444443,Blank/null vote
42001,LA PAMPA,CAPITAL,intencion_migrar,90,1,0.011111111111111112,1.1111111111111112,Migration intention
42001,LA PAMPA,CAPITAL,izq_der,90,13,0.14444444444444443,14.444444444444443,Left-right ideology
42001,LA PAMPA,CAPITAL,voto_blanco_nulo,90,14,0.15555555555555556,15.555555555555555,Blank/null vote
42003,LA PAMPA,TOAY,intencion_migrar,90,1,0.011111111111111112,1.1111111111111112,Migration intention
42003,LA PAMPA,TOAY,izq_der,90,16,0.17777777777777778,17.77777777777778,Left-right ideology
42003,LA PAMPA,TOAY,voto_blanco_nulo,90,21,0.23333333333333334,23.333333333333332,Blank/null vote
42007,LA PAMPA,UTRACAN,intencion_migrar,90,1,0.011111111111111112,1.1111111111111112,Migration intention
42007,LA PAMPA,UTRACAN,izq_der,90,24,0.26666666666666666,26.666666666666668,Left-right ideology
42007,LA PAMPA,UTRACAN,voto_blanco_nulo,90,17,0.18888888888888888,18.88888888888889,Blank/null vote
50001,MENDOZA,GUAYMALLEN,intencion_migrar,92,4,0.043478260869565216,4.3478260869565215,Migration intention
50001,MENDOZA,GUAYMALLEN,izq_der,92,10,0.10869565217391304,10.869565217391305,Left-right ideology
50001,MENDOZA,GUAYMALLEN,voto_blanco_nulo,92,18,0.1956521739130435,19.565217391304348,Blank/null vote
50003,MENDOZA,GODOY CRUZ,intencion_migrar,90,2,0.022222222222222223,2.2222222222222223,Migration intention
50003,MENDOZA,GODOY CRUZ,izq_der,90,4,0.044444444444444446,4.444444444444445,Left-right ideology
50003,MENDOZA,GODOY CRUZ,voto_blanco_nulo,90,11,0.12222222222222222,12.222222222222221,Blank/null vote
50008,MENDOZA,CAPITAL,intencion_migrar,90,3,0.03333333333333333,3.3333333333333335,Migration intention
50008,MENDOZA,CAPITAL,izq_der,90,7,0.07777777777777778,7.777777777777778,Left-right ideology
50008,MENDOZA,CAPITAL,voto_blanco_nulo,90,21,0.23333333333333334,23.333333333333332,Blank/null vote
50015,MENDOZA,TUPUNGATO,intencion_migrar,182,0,0,0,Migration intention
50015,MENDOZA,TUPUNGATO,izq_der,182,31,0.17032967032967034,17.032967032967033,Left-right ideology
50015,MENDOZA,TUPUNGATO,voto_blanco_nulo,182,40,0.21978021978021978,21.978021978021978,Blank/null vote
58001,NEUQUEN,CONFLUENCIA,intencion_migrar,91,1,0.01098901098901099,1.098901098901099,Migration intention
58001,NEUQUEN,CONFLUENCIA,izq_der,91,14,0.15384615384615385,15.384615384615385,Left-right ideology
58001,NEUQUEN,CONFLUENCIA,voto_blanco_nulo,91,21,0.23076923076923078,23.076923076923077,Blank/null vote
62001,RIO NEGRO,GENERAL ROCA,intencion_migrar,273,3,0.01098901098901099,1.098901098901099,Migration intention
62001,RIO NEGRO,GENERAL ROCA,izq_der,273,48,0.17582417582417584,17.582417582417584,Left-right ideology
62001,RIO NEGRO,GENERAL ROCA,voto_blanco_nulo,273,65,0.23809523809523808,23.809523809523807,Blank/null vote
66001,SALTA,CAPITAL,intencion_migrar,90,1,0.011111111111111112,1.1111111111111112,Migration intention
66001,SALTA,CAPITAL,izq_der,90,11,0.12222222222222222,12.222222222222221,Left-right ideology
66001,SALTA,CAPITAL,voto_blanco_nulo,90,22,0.24444444444444444,24.444444444444443,Blank/null vote
66005,SALTA,LA CALDERA,intencion_migrar,92,0,0,0,Migration intention
66005,SALTA,LA CALDERA,izq_der,92,5,0.05434782608695652,5.434782608695652,Left-right ideology
66005,SALTA,LA CALDERA,voto_blanco_nulo,92,15,0.16304347826086957,16.304347826086957,Blank/null vote
66008,SALTA,ROSARIO DE LA FRONTERA,intencion_migrar,91,0,0,0,Migration intention
66008,SALTA,ROSARIO DE LA FRONTERA,izq_der,91,15,0.16483516483516483,16.483516483516482,Left-right ideology
66008,SALTA,ROSARIO DE LA FRONTERA,voto_blanco_nulo,91,17,0.18681318681318682,18.681318681318682,Blank/null vote
70004,SAN JUAN,RIVADAVIA,intencion_migrar,92,0,0,0,Migration intention
70004,SAN JUAN,RIVADAVIA,izq_der,92,8,0.08695652173913043,8.695652173913043,Left-right ideology
70004,SAN JUAN,RIVADAVIA,voto_blanco_nulo,92,15,0.16304347826086957,16.304347826086957,Blank/null vote
82001,SANTA FE,ROSARIO,intencion_migrar,364,14,0.038461538461538464,3.8461538461538463,Migration intention
82001,SANTA FE,ROSARIO,izq_der,364,41,0.11263736263736264,11.263736263736265,Left-right ideology
82001,SANTA FE,ROSARIO,voto_blanco_nulo,364,86,0.23626373626373626,23.626373626373624,Blank/null vote
82003,SANTA FE,GENERAL LOPEZ,intencion_migrar,90,2,0.022222222222222223,2.2222222222222223,Migration intention
82003,SANTA FE,GENERAL LOPEZ,izq_der,90,15,0.16666666666666666,16.666666666666664,Left-right ideology
82003,SANTA FE,GENERAL LOPEZ,voto_blanco_nulo,90,24,0.26666666666666666,26.666666666666668,Blank/null vote
82004,SANTA FE,CASTELLANOS,intencion_migrar,181,2,0.011049723756906077,1.1049723756906076,Migration intention
82004,SANTA FE,CASTELLANOS,izq_der,181,35,0.19337016574585636,19.337016574585636,Left-right ideology
82004,SANTA FE,CASTELLANOS,voto_blanco_nulo,181,49,0.27071823204419887,27.071823204419886,Blank/null vote
86002,SANTIAGO DEL ESTERO,BANDA,intencion_migrar,18,0,0,0,Migration intention
86002,SANTIAGO DEL ESTERO,BANDA,izq_der,18,1,0.05555555555555555,5.555555555555555,Left-right ideology
86002,SANTIAGO DEL ESTERO,BANDA,voto_blanco_nulo,18,2,0.1111111111111111,11.11111111111111,Blank/null vote
86005,SANTIAGO DEL ESTERO,ROBLES,intencion_migrar,75,2,0.02666666666666667,2.666666666666667,Migration intention
86005,SANTIAGO DEL ESTERO,ROBLES,izq_der,75,5,0.06666666666666667,6.666666666666667,Left-right ideology
86005,SANTIAGO DEL ESTERO,ROBLES,voto_blanco_nulo,75,20,0.26666666666666666,26.666666666666668,Blank/null vote
86007,SANTIAGO DEL ESTERO,GENERAL TABOADA,intencion_migrar,180,1,0.005555555555555556,0.5555555555555556,Migration intention
86007,SANTIAGO DEL ESTERO,GENERAL TABOADA,izq_der,180,17,0.09444444444444444,9.444444444444445,Left-right ideology
86007,SANTIAGO DEL ESTERO,GENERAL TABOADA,voto_blanco_nulo,180,46,0.25555555555555554,25.555555555555554,Blank/null vote
90001,TUCUMAN,CAPITAL,intencion_migrar,92,1,0.010869565217391304,1.0869565217391304,Migration intention
90001,TUCUMAN,CAPITAL,izq_der,92,19,0.20652173913043478,20.652173913043477,Left-right ideology
90001,TUCUMAN,CAPITAL,voto_blanco_nulo,92,22,0.2391304347826087,23.91304347826087,Blank/null vote
90001,TUCUMAN,TAFI VIAJO,intencion_migrar,181,3,0.016574585635359115,1.6574585635359116,Migration intention
90001,TUCUMAN,TAFI VIAJO,izq_der,181,33,0.18232044198895028,18.23204419889503,Left-right ideology
90001,TUCUMAN,TAFI VIAJO,voto_blanco_nulo,181,28,0.15469613259668508,15.469613259668508,Blank/null vote
90001,TUCUMAN,YERBA BUENA,intencion_migrar,94,1,0.010638297872340425,1.0638297872340425,Migration intention
90001,TUCUMAN,YERBA BUENA,izq_der,94,9,0.09574468085106383,9.574468085106384,Left-right ideology
90001,TUCUMAN,YERBA BUENA,voto_blanco_nulo,94,9,0.09574468085106383,9.574468085106384,Blank/null vote
90002,TUCUMAN,CRUZ ALTA,intencion_migrar,91,2,0.02197802197802198,2.197802197802198,Migration intention
90002,TUCUMAN,CRUZ ALTA,izq_der,91,11,0.12087912087912088,12.087912087912088,Left-right ideology
90002,TUCUMAN,CRUZ ALTA,voto_blanco_nulo,91,12,0.13186813186813187,13.186813186813188,Blank/null vote
