mun_code,mun_name_climate,spei12_july_2023_mean,spei12_september_2023_mean,drought_july_2023,drought_september_2023,drought_severe_july_2023_share,drought_severe_september_2023_share,drought_severe_july_2023_pct,drought_severe_september_2023_pct
006072,Saavedra,-1.4166876077651978,-1.2977830171585083,1.4166876077651978,1.2977830171585083,0.0540626235306263,0,5.40626235306263,0
006073,"Castelli, Maipú, Tordillo",-2.136584520339966,-1.6573854684829712,2.136584520339966,1.6573854684829712,1,0.9098438024520874,100,90.98438024520874
066013,Chicoana,-1.9299720525741577,-1.9601693153381348,1.9299720525741577,1.9601693153381348,1,1,100,100
018016,"General Alvear, San Martín",-2.0832834243774414,-1.6479883193969727,2.0832834243774414,1.6479883193969727,1,0.9142657518386841,100,91.42657518386841
006071,"General La Madrid, Laprida",-1.7215180397033691,-1.4920185804367065,1.7215180397033691,1.4920185804367065,0.9809433817863464,0.49213555455207825,98.09433817863464,49.213555455207825
070012,"9 de Julio, San Martín",-1.7816492319107056,-1.9054542779922485,1.7816492319107056,1.9054542779922485,1,1,100,100
006070,Monte,-2.2776577472686768,-1.8330248594284058,2.2776577472686768,1.8330248594284058,1,1,100,100
006069,Mar Chiquita,-1.7495615482330322,-1.3269778490066528,1.7495615482330322,1.3269778490066528,0.9999114871025085,0,99.99114871025085,0
062007,"Conesa, Pichi Mahuida",-2.091207504272461,-2.039809465408325,2.091207504272461,2.039809465408325,0.9697040915489197,0.9697040915489197,96.97040915489197,96.97040915489197
046006,"Chamical, General Belgrano",-1.620695948600769,-1.8926944732666016,1.620695948600769,1.8926944732666016,0.5648147463798523,0.999966561794281,56.48147463798523,99.9966561794281
078004,"Lago Buenos Aires, Magallanes, Río Chico",-1.7655223608016968,-1.2630538940429688,1.7655223608016968,1.2630538940429688,0.6710925698280334,0.5459555983543396,67.10925698280334,54.59555983543396
082019,Garay,-1.8853352069854736,-1.934489130973816,1.8853352069854736,1.934489130973816,1,1,100,100
086015,Avellaneda,-1.7158328294754028,-1.8764368295669556,1.7158328294754028,1.8764368295669556,1,1,100,100
066012,"Cafayate, La Vina",-1.7835272550582886,-1.8588391542434692,1.7835272550582886,1.8588391542434692,0.9083012342453003,0.9083012342453003,90.83012342453003,90.83012342453003
074005,Chacabuco,-1.929856300354004,-2.0435235500335693,1.929856300354004,2.0435235500335693,1,1,100,100
042007,"Hucal, Utracán",-1.654641032218933,-1.6033174991607666,1.654641032218933,1.6033174991607666,0.9107245206832886,0.6954559683799744,91.07245206832886,69.54559683799744
070011,Sarmiento,-1.9914108514785767,-1.9996181726455688,1.9914108514785767,1.9996181726455688,1,1,100,100
006068,Carlos Casares,-2.508711338043213,-2.1867733001708984,2.508711338043213,2.1867733001708984,1,1,100,100
026006,"Cushamen, Languiñeo",-0.9449605345726013,-0.26553675532341003,0.9449605345726013,0.26553675532341003,0.11702510714530945,0,11.702510714530945,0
018015,"Itatí, San Cosme",-1.8833277225494385,-1.5894232988357544,1.8833277225494385,1.5894232988357544,1,0.7815005779266357,100,78.15005779266357
086014,"Figueroa, Sarmiento",-1.5176833868026733,-1.6146527528762817,1.5176833868026733,1.6146527528762817,0.7234290242195129,0.8968769907951355,72.3429024219513,89.68769907951355
006067,San Andrés de Giles,-2.595500946044922,-2.1662545204162598,2.595500946044922,2.1662545204162598,1,1,100,100
010007,"Antofagasta de la Sierra, Tinogasta",-1.1178735494613647,-1.2470611333847046,1.1178735494613647,1.2470611333847046,0.2618980407714844,0.43843212723731995,26.189804077148438,43.843212723731995
018014,Saladas,-2.3686728477478027,-2.1411306858062744,2.3686728477478027,2.1411306858062744,1,1,100,100
046005,"Arauco, Castro Barros, San Blas de los Sauces",-0.8936207890510559,-1.5165621042251587,0.8936207890510559,1.5165621042251587,0,0.5496132969856262,0,54.96132969856262
006066,Rojas,-2.5516161918640137,-2.203347682952881,2.5516161918640137,2.203347682952881,1,1,100,100
006065,"Carlos Tejedor, Florentino Ameghino, General Pinto",-2.374209403991699,-2.2184295654296875,2.374209403991699,2.2184295654296875,1,1,100,100
086013,"Aguirre, Belgrano, Mitre, Rivadavia",-2.079390287399292,-2.1459202766418457,2.079390287399292,2.1459202766418457,1,1,100,100
070010,"Calingasta, Iglesia, Ullúm, Zonda",-1.317042350769043,-1.4442998170852661,1.317042350769043,1.4442998170852661,0.49744680523872375,0.42676350474357605,49.744680523872375,42.676350474357605
086012,"Ojo de Agua, Quebrachos",-1.844996690750122,-2.0791263580322266,1.844996690750122,2.0791263580322266,1,1,100,100
070009,Albardón,-1.9069246053695679,-2.0541577339172363,1.9069246053695679,2.0541577339172363,1,1,100,100
022015,Maipú,-1.8568633794784546,-1.7904530763626099,1.8568633794784546,1.7904530763626099,1,1,100,100
006064,Las Flores,-2.344863176345825,-1.878418207168579,2.344863176345825,1.878418207168579,1,1,100,100
006063,Colón,-2.424804449081421,-2.157271385192871,2.424804449081421,2.157271385192871,1,1,100,100
022014,Bermejo,-1.9832348823547363,-1.7547575235366821,1.9832348823547363,1.7547575235366821,1,1,100,100
006062,"Adolfo Alsina, Salliqueló",-1.5109573602676392,-1.4195804595947266,1.5109573602676392,1.4195804595947266,0.4267623722553253,7.173187332227826e-4,42.67623722553253,0.07173187332227826
030011,Tala,-1.8527129888534546,-1.8138974905014038,1.8527129888534546,1.8138974905014038,1,1,100,100
042006,"Caleu-Caleu, Cura-Co, Chalileo, Chical-Có, Lihuel Calel, Limay Mahuida, Leventué, Puelén",-1.597231149673462,-1.417771339416504,1.597231149673462,1.417771339416504,0.602645993232727,0.3677545487880707,60.264599323272705,36.77545487880707
050017,"La Paz, Santa Rosa",-1.6279481649398804,-1.607310175895691,1.6279481649398804,1.607310175895691,0.8348560333251953,0.8712511658668518,83.48560333251953,87.12511658668518
066011,"Cachí, La Poma, Los Andes, Molinos, San Carlos",-1.7397758960723877,-1.6495821475982666,1.7397758960723877,1.6495821475982666,0.7632257342338562,0.686530590057373,76.32257342338562,68.6530590057373
006061,Brandsen,-2.312669038772583,-1.8838762044906616,2.312669038772583,1.8838762044906616,1,1,100,100
046004,"General Ocampo, General San Martín, Rosario Vera Peñaloza",-1.5999548435211182,-1.810850739479065,1.5999548435211182,1.810850739479065,0.604173481464386,1,60.4173481464386,100
006060,"Daireaux, Hipólito Yrigoyen",-1.9416205883026123,-1.7501932382583618,1.9416205883026123,1.7501932382583618,1,1,100,100
006059,Dolores,-2.131112575531006,-1.6665465831756592,2.131112575531006,1.6665465831756592,1,1,100,100
070008,"Jachal, Valle Fértil",-1.3707157373428345,-1.740342617034912,1.3707157373428345,1.740342617034912,0.34623128175735474,0.9140124320983887,34.623128175735474,91.40124320983887
078003,"Corpen Aike, Lago Argentino",-1.8460087776184082,-1.50637948513031,1.8460087776184082,1.50637948513031,0.7343451976776123,0.6194871068000793,73.43451976776123,61.948710680007935
054015,Candelaria,-1.7437021732330322,-1.2107700109481812,1.7437021732330322,1.2107700109481812,1,0.27687206864356995,100,27.687206864356995
054014,25 de Mayo,-1.5131926536560059,-0.8411909937858582,1.5131926536560059,0.8411909937858582,0.7621266841888428,0,76.21266841888428,0
042005,"Chapaleufú, Realicó",-2.0285298824310303,-1.9796972274780273,2.0285298824310303,1.9796972274780273,1,1,100,100
074004,Junín,-1.8644866943359375,-2.0051968097686768,1.8644866943359375,2.0051968097686768,1,1,100,100
050016,Malargue,-1.656821846961975,-1.1430342197418213,1.656821846961975,1.1430342197418213,0.6812433004379272,0.23908665776252747,68.12433004379272,23.908665776252747
066010,Rivadavia,-1.7508269548416138,-1.8557343482971191,1.7508269548416138,1.8557343482971191,0.9405220150947571,0.9405220150947571,94.05220150947571,94.05220150947571
018013,Lavalle,-2.363241672515869,-2.175588607788086,2.363241672515869,2.175588607788086,1,1,100,100
006058,"General Belgrano, General Paz",-2.2481658458709717,-1.7842398881912231,2.2481658458709717,1.7842398881912231,1,1,100,100
086011,"Loreto, Silipica",-1.6598068475723267,-1.8224869966506958,1.6598068475723267,1.8224869966506958,1,1,100,100
010006,"Ancasti, El Alto, La Paz",-1.6537492275238037,-1.9090473651885986,1.6537492275238037,1.9090473651885986,0.8299775719642639,0.9156524538993835,82.99775719642639,91.56524538993835
034005,"Matacos, Ramón Lista",-1.796405553817749,-1.9268791675567627,1.796405553817749,1.9268791675567627,0.9999458193778992,1,99.99458193778992,100
006057,Exaltación de la Cruz,-2.5096325874328613,-2.0991265773773193,2.5096325874328613,2.0991265773773193,1,1,100,100
006056,Arrecifes,-2.6045069694519043,-2.2263386249542236,2.6045069694519043,2.2263386249542236,1,1,100,100
082018,9 de Julio,-2.245983839035034,-2.1813690662384033,2.245983839035034,2.1813690662384033,1,1,100,100
062006,San Antonio,-2.2041521072387695,-1.9784250259399414,2.2041521072387695,1.9784250259399414,1,1,100,100
006055,Patagones,-1.814850926399231,-1.7292306423187256,1.814850926399231,1.7292306423187256,1,0.9613094925880432,100,96.13094925880432
086010,Copo,-1.3903939723968506,-1.414964199066162,1.3903939723968506,1.414964199066162,0,0.14188605546951294,0,14.188605546951294
014021,"Río Seco, Sobremonte, Tulumba",-2.0721607208251953,-2.234670639038086,2.0721607208251953,2.234670639038086,1,1,100,100
054013,San Pedro,-0.9524914026260376,-0.6491701006889343,0.9524914026260376,0.6491701006889343,0,0,0,0
006054,"General Juan Madariaga, Pinamar, Villa Gesell",-1.9235328435897827,-1.4748878479003906,1.9235328435897827,1.4748878479003906,1,0.15876340866088867,100,15.876340866088867
018012,Esquina,-2.1491997241973877,-2.0759637355804443,2.1491997241973877,2.0759637355804443,1,1,100,100
022013,Chacabuco,-1.8194209337234497,-1.8025683164596558,1.8194209337234497,1.8025683164596558,1,1,100,100
006053,General Villegas,-2.296156883239746,-2.166659355163574,2.296156883239746,2.166659355163574,1,1,100,100
038006,"Humahuaca, Tilcara, Valle Grande",-1.8862384557724,-1.7946466207504272,1.8862384557724,1.7946466207504272,0.9685908555984497,1,96.85908555984497,100
006052,"General Arenales, Leandro N. Alem",-2.5680084228515625,-2.279772996902466,2.5680084228515625,2.279772996902466,1,1,100,100
086009,"Atamisqui, Salavina, San Martín",-1.7088303565979004,-1.8926502466201782,1.7088303565979004,1.8926502466201782,1,1,100,100
046003,"Coronel Felipe Varela, Famatina, General Angel V. Peñaloza, General Juan F. Quiroga, General Lamadrid, Vinchina, Independencia, Sanagasta",-0.8517071008682251,-1.400722622871399,0.8517071008682251,1.400722622871399,0.11872293800115585,0.33407485485076904,11.872293800115585,33.407485485076904
054012,"Concepción, San Javier",-1.8982688188552856,-1.2683886289596558,1.8982688188552856,1.2683886289596558,1,0.1308986097574234,100,13.08986097574234
082017,San Javier,-2.1212267875671387,-2.1010234355926514,2.1212267875671387,2.1010234355926514,1,1,100,100
006051,Baradero,-2.523988962173462,-2.12310528755188,2.523988962173462,2.12310528755188,1,1,100,100
006050,Saladillo,-2.5702931880950928,-2.1394708156585693,2.5702931880950928,2.1394708156585693,1,1,100,100
050015,Tupungato,-1.773573637008667,-1.599940299987793,1.773573637008667,1.599940299987793,0.7967367768287659,0.7967367768287659,79.67367768287659,79.67367768287659
050014,San Carlos,-1.7568594217300415,-1.503307580947876,1.7568594217300415,1.503307580947876,1,0.734689474105835,100,73.4689474105835
006049,Salto,-2.682612895965576,-2.297548770904541,2.682612895965576,2.297548770904541,1,1,100,100
006048,Ramallo,-2.4904944896698,-2.170628309249878,2.4904944896698,2.170628309249878,1,1,100,100
022012,"12 de Octubre, 2 de Abril, Fray Justo Sta. María de Oro",-2.0273046493530273,-1.9491099119186401,2.0273046493530273,1.9491099119186401,1,1,100,100
022011,Quitilipi,-2.002854347229004,-1.9211257696151733,2.002854347229004,1.9211257696151733,1,1,100,100
022010,Almirante Brown,-1.5977797508239746,-1.6067156791687012,1.5977797508239746,1.6067156791687012,0.7017186880111694,0.7352361083030701,70.17186880111694,73.523610830307
022009,"General Belgrano, Independencia",-1.856519341468811,-1.8287932872772217,1.856519341468811,1.8287932872772217,1,1,100,100
042004,"Atreucó, Catriló, Guatrache, Quemú-Quemú",-1.663066029548645,-1.5902869701385498,1.663066029548645,1.5902869701385498,0.953525960445404,0.6948614716529846,95.3525960445404,69.48614716529846
062005,Avellaneda,-1.7926173210144043,-1.5343800783157349,1.7926173210144043,1.5343800783157349,0.7024595737457275,0.5538055300712585,70.24595737457275,55.380553007125854
030010,Victoria,-2.1867918968200684,-2.1182100772857666,2.1867918968200684,2.1182100772857666,1,1,100,100
066009,Cerrillos,-1.98281729221344,-1.9967037439346313,1.98281729221344,1.9967037439346313,1,1,100,100
010005,"Ambato, Capayán, Paclín, Santa Rosa",-1.2547056674957275,-1.587337851524353,1.2547056674957275,1.587337851524353,0.1857956498861313,0.6815640330314636,18.57956498861313,68.15640330314636
086008,"Jiménez, Pellegrini",-1.4015758037567139,-1.4532510042190552,1.4015758037567139,1.4532510042190552,0.14968128502368927,0.14968128502368927,14.968128502368927,14.968128502368927
014020,General Roca,-2.0551910400390625,-2.053649425506592,2.0551910400390625,2.053649425506592,1,1,100,100
014019,San Alberto,-1.9832462072372437,-2.0797245502471924,1.9832462072372437,2.0797245502471924,1,1,100,100
054011,Montecarlo,-1.1787699460983276,-0.7336676120758057,1.1787699460983276,0.7336676120758057,0,0,0,0
014018,Presidente Roque Saénz Peña,-2.2911133766174316,-2.198709487915039,2.2911133766174316,2.198709487915039,1,1,100,100
050013,Lavalle,-1.7572566270828247,-1.7641551494598389,1.7572566270828247,1.7641551494598389,0.794253945350647,0.8292282819747925,79.4253945350647,82.92282819747925
006047,"Capitán Sarmiento, San Antonio de Areco",-2.655597686767578,-2.201005697250366,2.655597686767578,2.201005697250366,1,1,100,100
018011,Monte Caseros,-2.0365498065948486,-1.864922046661377,2.0365498065948486,1.864922046661377,1,1,100,100
010004,"Belén, Pomán",-1.2294533252716064,-1.5053454637527466,1.2294533252716064,1.5053454637527466,0.1002146378159523,0.5212987065315247,10.02146378159523,52.129870653152466
058005,Zapala,-0.5696898698806763,0.17555248737335205,0.5696898698806763,-0.17555248737335205,0.07633942365646362,6.550751277245581e-4,7.633942365646362,0.06550751277245581
006046,"Guaminí, Pellegrini, Rivadavia, Tres Lomas",-1.8797273635864258,-1.7582632303237915,1.8797273635864258,1.7582632303237915,0.9753347635269165,0.6983734965324402,97.53347635269165,69.83734965324402
018010,Bella Vista,-2.3828651905059814,-2.1841773986816406,2.3828651905059814,2.1841773986816406,1,1,100,100
006045,Coronel Suárez,-1.4976816177368164,-1.3348666429519653,1.4976816177368164,1.3348666429519653,0.4832513928413391,0.02189573086798191,48.32513928413391,2.189573086798191
058004,"Chos Malal, Pehuenches",-1.4717495441436768,-0.8352721929550171,1.4717495441436768,0.8352721929550171,0.5682063102722168,0.3304998278617859,56.82063102722168,33.04998278617859
090005,Burruyacú,-1.5200861692428589,-1.5724282264709473,1.5200861692428589,1.5724282264709473,0.44189149141311646,0.44189149141311646,44.189149141311646,44.189149141311646
050012,Junín,-1.7569689750671387,-1.7516967058181763,1.7569689750671387,1.7516967058181763,1,1,100,100
066008,"Guachipas, La Candelaria, Rosario de la Frontera",-1.7364916801452637,-1.797479510307312,1.7364916801452637,1.797479510307312,0.874988317489624,0.874988317489624,87.4988317489624,87.4988317489624
006044,Pehuajó,-2.1967873573303223,-2.0015549659729004,2.1967873573303223,2.0015549659729004,1,1,100,100
086007,General Taboada,-1.9317988157272339,-1.9871872663497925,1.9317988157272339,1.9871872663497925,1,1,100,100
030009,Nogoyá,-1.9606109857559204,-1.9412559270858765,1.9606109857559204,1.9412559270858765,1,1,100,100
026005,"Florentino Ameghino, Gaimán, Gastre, Mártires, Paso de los Indios, Río Senguer, Sarmiento, Tehuelches, Telsen",-2.055842638015747,-1.549857497215271,2.055842638015747,1.549857497215271,0.8593159317970276,0.7298911809921265,85.93159317970276,72.98911809921265
010003,"Fray Mamerto Esquiú, Valle Viejo",-1.3048388957977295,-1.6947227716445923,1.3048388957977295,1.6947227716445923,0,1,0,100
066007,Metán,-1.6792258024215698,-1.7030303478240967,1.6792258024215698,1.7030303478240967,0.8530883193016052,0.8530883193016052,85.30883193016052,85.30883193016052
006043,"Adolfo González Chaves, Benito Juárez, San Cayetano",-1.6010221242904663,-1.2934691905975342,1.6010221242904663,1.2934691905975342,0.807574450969696,0.0587642602622509,80.7574450969696,5.87642602622509
018009,Mercedes,-2.22291898727417,-1.9129483699798584,2.22291898727417,1.9129483699798584,1,1,100,100
010002,"Andalgalá, Santa María",-1.2989501953125,-1.4920871257781982,1.2989501953125,1.4920871257781982,0,0.44349008798599243,0,44.34900879859924
018008,"Empedrado, Mburucuyá, San Luis del Palmar",-2.127539873123169,-1.8695439100265503,2.127539873123169,1.8695439100265503,1,0.9781386852264404,100,97.81386852264404
006042,Bragado,-2.725390911102295,-2.299567222595215,2.725390911102295,2.299567222595215,1,1,100,100
006041,General Alvarado,-1.2402982711791992,-0.878105878829956,1.2402982711791992,0.878105878829956,0.0018394866492599249,0,0.1839486649259925,0
062004,"El Cuy, 9 de Julio, Ñorquincó, Pilcaniyeu, Valcheta, 25 de Mayo",-1.4616848230361938,-0.9825838208198547,1.4616848230361938,0.9825838208198547,0.5485670566558838,0.3104628622531891,54.85670566558838,31.04628622531891
074003,"Ayacucho, Belgrano, Coronel Pringles, Libertador General San Martín",-1.5611412525177002,-1.6594187021255493,1.5611412525177002,1.6594187021255493,0.3719766139984131,0.7235914468765259,37.19766139984131,72.35914468765259
018007,"Ituzaingó, San Miguel",-2.026355504989624,-1.6645439863204956,2.026355504989624,1.6645439863204956,1,0.9432790875434875,100,94.32790875434875
082016,San Justo,-1.9591785669326782,-1.9877808094024658,1.9591785669326782,1.9877808094024658,1,1,100,100
006040,"Carmen de Areco, Navarro, Suipacha",-2.639009952545166,-2.1984128952026367,2.639009952545166,2.1984128952026367,1,1,100,100
006039,"Ayacucho, General Guido, Pila, Rauch",-1.9977821111679077,-1.54075026512146,1.9977821111679077,1.54075026512146,0.999998927116394,0.6052728891372681,99.9998927116394,60.52728891372681
042003,"Conhello, Rancul, Toay, Trenel",-1.6504606008529663,-1.6124447584152222,1.6504606008529663,1.6124447584152222,0.9486832022666931,0.9303092956542969,94.86832022666931,93.03092956542969
086006,"Choya, Guasayan",-1.5681521892547607,-1.7614303827285767,1.5681521892547607,1.7614303827285767,0.7606760263442993,0.8979796171188354,76.06760263442993,89.79796171188354
054010,General Manuel Belgrano,-0.5119689702987671,-0.5573618412017822,0.5119689702987671,0.5573618412017822,0,0,0,0
006038,Trenque Lauquen,-2.073214054107666,-1.9380921125411987,2.073214054107666,1.9380921125411987,1,0.9943700432777405,100,99.43700432777405
026004,Futaleufú,-0.36650487780570984,0.39283207058906555,0.36650487780570984,-0.39283207058906555,0,0,0,0
054009,Apóstoles,-2.0171144008636475,-1.4745997190475464,2.0171144008636475,1.4745997190475464,1,0.7993373870849609,100,79.9337387084961
022008,"General Donovan, Libertad, Presidencia de La Plaza, Tapenaga",-2.197093963623047,-2.0738751888275146,2.197093963623047,2.0738751888275146,1,1,100,100
006037,"Puan, Villarino",-1.5041733980178833,-1.4350228309631348,1.5041733980178833,1.4350228309631348,0.5893035531044006,0.23640727996826172,58.93035531044006,23.640727996826172
038005,"Cochinoca, Rinconada, Santa Catalina, Susques, Tumbaya, Yaví",-1.87919020652771,-1.6716505289077759,1.87919020652771,1.6716505289077759,0.9227295517921448,0.7321821451187134,92.27295517921448,73.21821451187134
086005,Robles,-1.60393488407135,-1.713330626487732,1.60393488407135,1.713330626487732,1,1,100,100
030008,Diamante,-2.095536470413208,-2.0889763832092285,2.095536470413208,2.0889763832092285,1,1,100,100
082015,Belgrano,-2.217576742172241,-2.199038028717041,2.217576742172241,2.199038028717041,1,1,100,100
050011,General Alvear,-1.6573749780654907,-1.533105492591858,1.6573749780654907,1.533105492591858,0.8552051186561584,0.7469759583473206,85.52051186561584,74.69759583473206
014017,Río Primero,-2.204653739929199,-2.256621837615967,2.204653739929199,2.256621837615967,1,1,100,100
006036,9 de Julio,-2.7086007595062256,-2.3365397453308105,2.7086007595062256,2.3365397453308105,1,1,100,100
066006,General Güemes,-1.979296326637268,-1.9568763971328735,1.979296326637268,1.9568763971328735,1,1,100,100
066005,"La Caldera, Rosario de Lerma",-2.065767288208008,-2.073328733444214,2.065767288208008,2.073328733444214,1,1,100,100
054008,Libertador General San Martín,-1.248169183731079,-0.7543123960494995,1.248169183731079,0.7543123960494995,0.16333138942718506,0,16.333138942718506,0
070007,Santa Lucía,-1.7701103687286377,-1.885714054107666,1.7701103687286377,1.885714054107666,1,1,100,100
018006,Paso de los Libres,-2.080815315246582,-1.7801669836044312,2.080815315246582,1.7801669836044312,1,1,100,100
022007,"9 de Julio, O'Higgins",-1.892333984375,-1.8787710666656494,1.892333984375,1.8787710666656494,1,1,100,100
006035,Chacabuco,-2.7782092094421387,-2.3456766605377197,2.7782092094421387,2.3456766605377197,1,1,100,100
046002,Chilecito,-0.546569287776947,-1.4119904041290283,0.546569287776947,1.4119904041290283,0,0,0,0
014016,"Ischilín, Totoral",-2.0674219131469727,-2.263739585876465,2.0674219131469727,2.263739585876465,1,1,100,100
050010,Tunuyán,-1.6802246570587158,-1.3583900928497314,1.6802246570587158,1.3583900928497314,0.8816638588905334,0.46154746413230896,88.16638588905334,46.154746413230896
006034,"Coronel Dorrego, Coronel Pringles, Monte Hermoso, Tornquist",-1.3004965782165527,-1.1194002628326416,1.3004965782165527,1.1194002628326416,0.08995072543621063,0,8.995072543621063,0
006033,"General Las Heras, Lobos",-2.4687817096710205,-2.025527000427246,2.4687817096710205,2.025527000427246,1,1,100,100
030007,Gualeguay,-2.2335500717163086,-2.060436487197876,2.2335500717163086,2.060436487197876,1,1,100,100
014015,Calamuchita,-2.0846378803253174,-2.148405075073242,2.0846378803253174,2.148405075073242,1,1,100,100
082014,Vera,-2.2976694107055664,-2.228525161743164,2.2976694107055664,2.228525161743164,1,1,100,100
006032,Marcos Paz,-2.353257179260254,-1.9634944200515747,2.353257179260254,1.9634944200515747,1,1,100,100
070006,Pocito,-1.9045157432556152,-1.9447274208068848,1.9045157432556152,1.9447274208068848,1,1,100,100
018005,"Curuzú Cuatiá, Sauce",-2.194568634033203,-2.0083131790161133,2.194568634033203,2.0083131790161133,1,1,100,100
014014,San Javier,-1.9044674634933472,-2.0085673332214355,1.9044674634933472,2.0085673332214355,1,1,100,100
006031,Cañuelas,-2.3219244480133057,-1.900182843208313,2.3219244480133057,1.900182843208313,1,1,100,100
006030,"Bolívar, General Alvear, Tapalqué",-2.29929256439209,-1.9312304258346558,2.29929256439209,1.9312304258346558,1,1,100,100
054007,Cainguas,-1.509130835533142,-0.846100389957428,1.509130835533142,0.846100389957428,0.9312987923622131,0,93.12987923622131,0
058003,"Huiliches, Lácar, Los Lagos",-0.2584495544433594,0.4989601969718933,0.2584495544433594,-0.4989601969718933,0,0,0,0
086004,Río Hondo,-1.4757238626480103,-1.5491175651550293,1.4757238626480103,1.5491175651550293,0.538456380367279,0.9985533952713013,53.845638036727905,99.85533952713013
022006,Mayor Luis J. Fontana,-2.1663827896118164,-2.1225123405456543,2.1663827896118164,2.1225123405456543,1,1,100,100
090004,Leales,-1.2741070985794067,-1.351577877998352,1.2741070985794067,1.351577877998352,0.30115070939064026,0.30115577578544617,30.115070939064026,30.115577578544617
058002,"Aluminé, Añelo, Catán-Lil, Collón-Cura, Loncopué, Minas, Ñorquin, Picún-Leufú, Picunches",-0.8301032185554504,-0.1326649785041809,0.8301032185554504,0.1326649785041809,0.2089856117963791,0.15174169838428497,20.89856117963791,15.174169838428497
018004,"Berón de Astrada, Concepción, General Paz, San Roque",-2.1861941814422607,-1.8985036611557007,2.1861941814422607,1.8985036611557007,1,0.9312227964401245,100,93.12227964401245
050009,Rivadavia,-1.7450369596481323,-1.730251431465149,1.7450369596481323,1.730251431465149,1,1,100,100
006029,Ensenada,-2.304950714111328,-1.9102603197097778,2.304950714111328,1.9102603197097778,1,1,100,100
006028,Tres Arroyos,-1.3794190883636475,-1.146647572517395,1.3794190883636475,1.146647572517395,0.3409145176410675,0,34.09145176410675,0
066004,Anta,-1.6272369623184204,-1.6630561351776123,1.6272369623184204,1.6630561351776123,0.8220329880714417,0.8338819146156311,82.20329880714417,83.38819146156311
054006,San Ignacio,-1.5532358884811401,-0.9350848197937012,1.5532358884811401,0.9350848197937012,0.9363902807235718,0,93.63902807235718,0
042002,Maracó,-1.9397876262664795,-1.8688386678695679,1.9397876262664795,1.8688386678695679,1,1,100,100
062003,Adolfo Alsina,-2.2600820064544678,-2.0896925926208496,2.2600820064544678,2.0896925926208496,1,1,100,100
006027,San Pedro,-2.529405117034912,-2.1533360481262207,2.529405117034912,2.1533360481262207,1,1,100,100
018003,Santo Tomé,-2.040649890899658,-1.5768647193908691,2.040649890899658,1.5768647193908691,1,0.6696498394012451,100,66.96498394012451
006026,"Alberti, Roque Pérez, 25 de Mayo",-2.638157844543457,-2.203611373901367,2.638157844543457,2.203611373901367,1,1,100,100
006025,"Chascomus, Magdalena, Punta Indio",-2.269303560256958,-1.7980191707611084,2.269303560256958,1.7980191707611084,1,1,100,100
006024,"General Viamonte, Lincoln",-2.6073193550109863,-2.344961166381836,2.6073193550109863,2.344961166381836,1,1,100,100
022005,"San Lorenzo, Sargento Cabral, 25 de Mayo",-2.079244375228882,-1.9831563234329224,2.079244375228882,1.9831563234329224,1,1,100,100
006023,Coronel de Marine L. Rosales,-1.2220301628112793,-1.0651576519012451,1.2220301628112793,1.0651576519012451,0,0,0,0
006022,"Balcarce, Lobería",-1.3909045457839966,-1.0173324346542358,1.3909045457839966,1.0173324346542358,0.10182720422744751,0,10.182720422744751,0
006021,Mercedes,-2.5969817638397217,-2.1449739933013916,2.5969817638397217,2.1449739933013916,1,1,100,100
014013,Juárez Celman,-2.1914126873016357,-2.170252799987793,2.1914126873016357,2.170252799987793,1,1,100,100
070005,"Angaco, Caucete, 25 de Mayo",-1.5864444971084595,-1.7529091835021973,1.5864444971084595,1.7529091835021973,0.7096207141876221,0.9993685483932495,70.9620714187622,99.93685483932495
082013,San Martín,-2.1973319053649902,-2.258681297302246,2.1973319053649902,2.258681297302246,1,1,100,100
006020,Chivilcoy,-2.7188987731933594,-2.2819769382476807,2.7188987731933594,2.2819769382476807,1,1,100,100
006019,Azul,-2.118499994277954,-1.7157318592071533,2.118499994277954,1.7157318592071533,1,0.9338381290435791,100,93.38381290435791
082012,Iriondo,-2.2266006469726563,-2.182173490524292,2.2266006469726563,2.182173490524292,1,1,100,100
086003,"Alberdi, Juan F. Ibarra, Moreno",-1.609623670578003,-1.6444154977798462,1.609623670578003,1.6444154977798462,0.6645538806915283,0.6277755498886108,66.45538806915283,62.777554988861084
082011,San Cristóbal,-2.175074577331543,-2.199791669845581,2.175074577331543,2.199791669845581,1,1,100,100
022004,General Güemes,-1.6662625074386597,-1.6811577081680298,1.6662625074386597,1.6811577081680298,0.7903094291687012,0.8984050750732422,79.03094291687012,89.84050750732422
030006,La Paz,-1.9391682147979736,-1.913940191268921,1.9391682147979736,1.913940191268921,1,1,100,100
030005,Federación,-1.9318252801895142,-1.8228296041488647,1.9318252801895142,1.8228296041488647,1,1,100,100
054005,Guaraní,-1.2990801334381104,-0.7458942532539368,1.2990801334381104,0.7458942532539368,0.022940071299672127,0,2.2940071299672127,0
014012,"Cruz del Eje, Minas, Pocho",-1.9504077434539795,-2.136131525039673,1.9504077434539795,2.136131525039673,1,1,100,100
022003,"Libertador General San Martín, 1 de Mayo",-1.9291746616363525,-1.774214506149292,1.9291746616363525,1.774214506149292,1,0.9872933626174927,100,98.72933626174927
094001,"Río Grande, Antarctic Argentina",-2.217848777770996,-2.005086898803711,2.217848777770996,2.005086898803711,1,1,100,100
006018,"General Lavalle, La Costa",-2.2104339599609375,-1.7115905284881592,2.2104339599609375,1.7115905284881592,1,0.9908816814422607,100,99.08816814422607
038004,San Pedro,-1.9472675323486328,-1.9044787883758545,1.9472675323486328,1.9044787883758545,1,1,100,100
054004,El Dorado,-0.9058826565742493,-0.7394540309906006,0.9058826565742493,0.7394540309906006,0,0,0,0
082010,Caseros,-2.2512879371643066,-2.08650279045105,2.2512879371643066,2.08650279045105,1,1,100,100
026003,Biedma,-2.5166409015655518,-2.1953957080841064,2.5166409015655518,2.1953957080841064,1,1,100,100
082009,San Jerónimo,-2.181828022003174,-2.1959421634674072,2.181828022003174,2.1959421634674072,1,1,100,100
054003,Iguazú,-0.6261240839958191,-0.62033611536026,0.6261240839958191,0.62033611536026,0,0,0,0
034004,"Bermejo, Patiño",-1.6675901412963867,-1.7364139556884766,1.6675901412963867,1.7364139556884766,0.8495066165924072,0.8668887615203857,84.95066165924072,86.68887615203857
006017,"Presidente Perón, San Vicente",-2.322277069091797,-1.904113531112671,2.322277069091797,1.904113531112671,1,1,100,100
070004,Rivadavia,-1.9222419261932373,-1.9587757587432861,1.9222419261932373,1.9587757587432861,1,1,100,100
034003,Pilcomayo,-1.4519883394241333,-1.4097001552581787,1.4519883394241333,1.4097001552581787,0.2821013033390045,0,28.21013033390045,0
006016,General Rodríguez,-2.4401462078094482,-2.0193092823028564,2.4401462078094482,2.0193092823028564,1,1,100,100
070003,Chimbas,-1.9705920219421387,-2.0852556228637695,1.9705920219421387,2.0852556228637695,1,1,100,100
006015,Berisso,-2.2851476669311523,-1.8904218673706055,2.2851476669311523,1.8904218673706055,1,1,100,100
082008,Constitución,-2.344473361968994,-2.137686014175415,2.344473361968994,2.137686014175415,1,1,100,100
006014,Junín,-2.677459716796875,-2.319445848464966,2.677459716796875,2.319445848464966,1,1,100,100
018002,Goya,-2.3160154819488525,-2.1919262409210205,2.3160154819488525,2.1919262409210205,1,1,100,100
006013,Necochea,-1.3483964204788208,-1.016546368598938,1.3483964204788208,1.016546368598938,0.04315954074263573,0,4.315954074263573,0
006012,Campana,-2.4304921627044678,-2.0448317527770996,2.4304921627044678,2.0448317527770996,1,1,100,100
014011,Santa María,-2.0719847679138184,-2.196665048599243,2.0719847679138184,2.196665048599243,1,1,100,100
022002,Comandante Fernandez,-1.9718211889266968,-1.9078336954116821,1.9718211889266968,1.9078336954116821,1,1,100,100
090003,"Chicligasta, Granero, Juan Bautista Alberdi, La Cocha, Monteros, Río Chico, Simoca",-1.1777212619781494,-1.3223930597305298,1.1777212619781494,1.3223930597305298,2.523346120142378e-5,0.022814162075519562,0.002523346120142378,2.281416207551956
034002,"Laishi, Pilagás, Pirané",-1.618049144744873,-1.5161685943603516,1.618049144744873,1.5161685943603516,0.7364550232887268,0.46571019291877747,73.64550232887268,46.57101929187775
038003,"Ledesma, Santa Bárbara",-1.6725752353668213,-1.6839885711669922,1.6725752353668213,1.6839885711669922,0.9883151054382324,1,98.83151054382324,100
030004,Uruguay,-1.890982747077942,-1.7845494747161865,1.890982747077942,1.7845494747161865,1,1,100,100
038002,"El Carmen, San Antonio",-1.946158766746521,-1.9365392923355103,1.946158766746521,1.9365392923355103,1,1,100,100
014010,Marcos Juárez,-2.3235907554626465,-2.2426013946533203,2.3235907554626465,2.2426013946533203,1,1,100,100
014009,Unión,-2.261937141418457,-2.218409776687622,2.261937141418457,2.218409776687622,1,1,100,100
042001,Capital,-1.5924755334854126,-1.5494602918624878,1.5924755334854126,1.5494602918624878,1,0.9344213008880615,100,93.44213008880615
014008,Río Segundo,-2.167490005493164,-2.200941324234009,2.167490005493164,2.200941324234009,1,1,100,100
082007,Las Colonias,-2.096855401992798,-2.1658060550689697,2.096855401992798,2.1658060550689697,1,1,100,100
006011,Luján,-2.5481529235839844,-2.0973920822143555,2.5481529235839844,2.0973920822143555,1,1,100,100
078002,Deseado,-2.4770703315734863,-1.8611187934875488,2.4770703315734863,1.8611187934875488,1,0.9845408797264099,100,98.45408797264099
006010,Pergamino,-2.4438490867614746,-2.1362569332122803,2.4438490867614746,2.1362569332122803,1,1,100,100
054002,Oberá,-1.661605954170227,-1.0012178421020508,1.661605954170227,1.0012178421020508,1,0,100,0
006009,Olavarría,-1.9549798965454102,-1.6735351085662842,1.9549798965454102,1.6735351085662842,1,0.873289167881012,100,87.3289167881012
070002,Capital,-1.917367935180664,-1.9504235982894897,1.917367935180664,1.9504235982894897,1,1,100,100
014007,Tercero Arriba,-2.1727652549743652,-2.198745012283325,2.1727652549743652,2.198745012283325,1,1,100,100
030003,"Gualeguaychú, Islas del Ibicuy",-2.25274920463562,-1.985690712928772,2.25274920463562,1.985690712928772,1,1,100,100
050008,Capital,-1.83753502368927,-1.926767349243164,1.83753502368927,1.926767349243164,1,1,100,100
006008,Zárate,-2.4718778133392334,-2.0838942527770996,2.4718778133392334,2.0838942527770996,1,1,100,100
078001,Guer Aike,-2.193615198135376,-1.927058458328247,2.193615198135376,1.927058458328247,1,1,100,100
070001,Rawson,-1.7883528470993042,-1.8932439088821411,1.7883528470993042,1.8932439088821411,1,1,100,100
050007,Luján de Cuyo,-1.6500099897384644,-1.4264521598815918,1.6500099897384644,1.4264521598815918,0.7432727217674255,0.47500529885292053,74.32727217674255,47.50052988529205
050006,San Martín,-1.885103702545166,-1.9047765731811523,1.885103702545166,1.9047765731811523,1,1,100,100
006007,Tandil,-1.7492468357086182,-1.369117259979248,1.7492468357086182,1.369117259979248,0.7933963537216187,0.14187756180763245,79.33963537216187,14.187756180763245
014006,General San Martín,-2.1787378787994385,-2.1604628562927246,2.1787378787994385,2.1604628562927246,1,1,100,100
062002,Bariloche,-0.5375933051109314,0.23119869828224182,0.5375933051109314,-0.23119869828224182,0,0,0,0
026002,Rawson,-2.7157864570617676,-2.2843077182769775,2.7157864570617676,2.2843077182769775,1,1,100,100
074002,"General Pedernera, Gobernador Dupuy",-1.6822072267532349,-1.6573071479797363,1.6822072267532349,1.6573071479797363,0.7794854044914246,0.7040531039237976,77.94854044914246,70.40531039237976
086002,Banda,-1.5762279033660889,-1.6703300476074219,1.5762279033660889,1.6703300476074219,0.9998431205749512,1,99.98431205749512,100
006006,San Nicolás,-2.4469664096832275,-2.186034679412842,2.4469664096832275,2.186034679412842,1,1,100,100
066003,"Iruya, Orán, Santa Victoria",-1.688402533531189,-1.6954580545425415,1.688402533531189,1.6954580545425415,0.8326476216316223,0.9653716683387756,83.26476216316223,96.53716683387756
082006,San Lorenzo,-2.2202751636505127,-2.1385648250579834,2.2202751636505127,2.1385648250579834,1,1,100,100
066002,General Jose de San Martín,-1.3701497316360474,-1.4752274751663208,1.3701497316360474,1.4752274751663208,0.26430800557136536,0.4411145746707916,26.430800557136536,44.11145746707916
010001,Capital,-1.2273579835891724,-1.5918927192687988,1.2273579835891724,1.5918927192687988,0,1,0,100
006092,San Fernando,-2.414015531539917,-2.0275168418884277,2.414015531539917,2.0275168418884277,1,1,100,100
014005,Punilla,-2.0641233921051025,-2.2293782234191895,2.0641233921051025,2.2293782234191895,1,1,100,100
050005,Maipú,-1.8092700242996216,-1.851783275604248,1.8092700242996216,1.851783275604248,1,1,100,100
082005,General Obligado,-2.3943469524383545,-2.270984172821045,2.3943469524383545,2.270984172821045,1,1,100,100
082004,Castellanos,-2.190324544906616,-2.25516676902771,2.190324544906616,2.25516676902771,1,1,100,100
046001,Capital,-1.1743559837341309,-1.638289451599121,1.1743559837341309,1.638289451599121,0.17273667454719543,0.6144194602966309,17.273667454719543,61.441946029663086
090002,Cruz Alta,-1.3670661449432373,-1.4259791374206543,1.3670661449432373,1.4259791374206543,0.10500340908765793,0.10500340908765793,10.500340908765793,10.500340908765793
030002,"Colón, Concordia, Federal, Feliciano, San Salvador, Villaguay",-1.9462388753890991,-1.8798222541809082,1.9462388753890991,1.8798222541809082,1,1,100,100
050004,San Rafael,-1.802839756011963,-1.5215319395065308,1.802839756011963,1.5215319395065308,0.9386415481567383,0.5698876976966858,93.86415481567383,56.98876976966858
026001,Escalante,-2.423861503601074,-1.8457378149032593,2.423861503601074,1.8457378149032593,1,0.9282383918762207,100,92.82383918762207
082003,General López,-2.38323712348938,-2.2009475231170654,2.38323712348938,2.2009475231170654,1,1,100,100
050003,Godoy Cruz,-1.8375352621078491,-1.9267674684524536,1.8375352621078491,1.9267674684524536,1,1,100,100
074001,La Capital,-1.6574492454528809,-1.6214375495910645,1.6574492454528809,1.6214375495910645,0.6410849690437317,0.9509268999099731,64.10849690437317,95.09268999099731
014004,San Justo,-2.2280993461608887,-2.2886292934417725,2.2280993461608887,2.2886292934417725,1,1,100,100
050002,Las Heras,-1.7923654317855835,-1.668258547782898,1.7923654317855835,1.668258547782898,1,0.7269437909126282,100,72.69437909126282
006005,Escobar,-2.4091391563415527,-2.0208866596221924,2.4091391563415527,2.0208866596221924,1,1,100,100
014003,Colón,-2.118293285369873,-2.245055913925171,2.118293285369873,2.245055913925171,1,1,100,100
034001,Formosa,-1.6077064275741577,-1.4600454568862915,1.6077064275741577,1.4600454568862915,1,0.2354487180709839,100,23.54487180709839
014002,Río Cuarto,-2.087265968322754,-2.1754894256591797,2.087265968322754,2.1754894256591797,1,1,100,100
038001,"Dr. Manuel Belgrano, Palpalá",-1.9665980339050293,-1.9532623291015625,1.9665980339050293,1.9532623291015625,1,1,100,100
086001,Capital,-1.549000859260559,-1.683653712272644,1.549000859260559,1.683653712272644,0.7535036206245422,1,75.35036206245422,100
006091,Vicente López,-2.347843885421753,-1.9571621417999268,2.347843885421753,1.9571621417999268,1,1,100,100
050001,Guaymallén,-1.8375351428985596,-1.9267674684524536,1.8375351428985596,1.9267674684524536,1,1,100,100
006090,San Isidro,-2.396904468536377,-2.0089333057403564,2.396904468536377,2.0089333057403564,1,1,100,100
006004,Bahía Blanca,-1.3113601207733154,-1.1950137615203857,1.3113601207733154,1.1950137615203857,0.04154082387685776,0,4.154082387685776,0
006003,Pilar,-2.408414125442505,-2.018047332763672,2.408414125442505,2.018047332763672,1,1,100,100
006089,"Esteban Echeverría, Ezeiza",-2.3461287021636963,-1.9557303190231323,2.3461287021636963,1.9557303190231323,1,1,100,100
062001,General Roca,-1.6265840530395508,-1.245887279510498,1.6265840530395508,1.245887279510498,0.647769570350647,0.2454269528388977,64.7769570350647,24.54269528388977
006088,"Hurlingham, Ituzaingo, Morón",-2.350247621536255,-1.9615610837936401,2.350247621536255,1.9615610837936401,1,1,100,100
054001,"Capital, Leandro N. Alem",-1.8902851343154907,-1.3148601055145264,1.8902851343154907,1.3148601055145264,1,0.3853299617767334,100,38.53299617767334
006087,Berazategui,-2.335736036300659,-1.9411005973815918,2.335736036300659,1.9411005973815918,1,1,100,100
006086,"General Sarmiento, Jose C. Paz, Malvinas Argentinas, San Miguel",-2.3685660362243652,-1.9800145626068115,2.3685660362243652,1.9800145626068115,1,1,100,100
030001,Parana,-1.9386470317840576,-1.9755100011825562,1.9386470317840576,1.9755100011825562,1,1,100,100
006085,Tres de Febrero,-2.350247383117676,-1.9615610837936401,2.350247383117676,1.9615610837936401,1,1,100,100
006084,Avellaneda,-2.335736036300659,-1.9411004781723022,2.335736036300659,1.9411004781723022,1,1,100,100
018001,Capital,-2.1983535289764404,-1.9625533819198608,2.1983535289764404,1.9625533819198608,1,1,100,100
058001,Confluencia,-1.7144668102264404,-1.2341554164886475,1.7144668102264404,1.2341554164886475,0.946533203125,0.2361571341753006,94.6533203125,23.61571341753006
006083,Tigre,-2.4083969593048096,-2.0203444957733154,2.4083969593048096,2.0203444957733154,1,1,100,100
022001,San Fernando,-2.393096446990967,-2.1660470962524414,2.393096446990967,2.1660470962524414,1,1,100,100
006082,General San Martín,-2.350893259048462,-1.9622114896774292,2.350893259048462,1.9622114896774292,1,1,100,100
006081,Florencio Varela,-2.335707426071167,-1.941023588180542,2.335707426071167,1.941023588180542,1,1,100,100
006080,Moreno,-2.350247383117676,-1.9615609645843506,2.350247383117676,1.9615609645843506,1,1,100,100
006079,Lanus,-2.335736036300659,-1.9411004781723022,2.335736036300659,1.9411004781723022,1,1,100,100
082002,La Capital,-1.9993106126785278,-2.069944143295288,1.9993106126785278,2.069944143295288,1,1,100,100
066001,Capital,-2.0002036094665527,-2.009608745574951,2.0002036094665527,2.009608745574951,1,1,100,100
006078,Merlo,-2.3502471446990967,-1.9615609645843506,2.3502471446990967,1.9615609645843506,1,1,100,100
006077,Almirante Brown,-2.335736036300659,-1.9411005973815918,2.335736036300659,1.9411005973815918,1,1,100,100
006076,Quilmes,-2.335736036300659,-1.9411004781723022,2.335736036300659,1.9411004781723022,1,1,100,100
006002,General Pueyrredón,-1.4958856105804443,-1.1033728122711182,1.4958856105804443,1.1033728122711182,0.6225312352180481,0,62.25312352180481,0
006075,Lomas de Zamora,-2.3357369899749756,-1.9411019086837769,2.3357369899749756,1.9411019086837769,1,1,100,100
006001,La Plata,-2.3086349964141846,-1.8979252576828003,2.3086349964141846,1.8979252576828003,1,1,100,100
002001,City of Buenos Aires,-2.33760404586792,-1.9437341690063477,2.33760404586792,1.9437341690063477,1,1,100,100
090001,"Famaillá, Lules, Capital, Tafí del Valle, Tafí Viajo, Trancas, Yerba Buena",-1.5306551456451416,-1.63336181640625,1.5306551456451416,1.63336181640625,0.4043848514556885,0.7099483013153076,40.43848514556885,70.99483013153076
082001,Rosario,-2.3122143745422363,-2.1815643310546875,2.3122143745422363,2.1815643310546875,1,1,100,100
014001,Capital,-2.1020588874816895,-2.2326056957244873,2.1020588874816895,2.2326056957244873,1,1,100,100
006074,La Matanza,-2.349702835083008,-1.960793137550354,2.349702835083008,1.960793137550354,1,1,100,100
094002,Ushuaia,-2.0339019298553467,-1.802335500717163,2.0339019298553467,1.802335500717163,1,1,100,100
